Running on host: babel-o5-28, job ID: 5830883
Current conda environment: dataloader_new

===================================
Visualizing with VALUE_FUNCTION_CHECKPOINT_2 (neg reward, gamma=1.0)
===================================
Processing dataset 1/5: sim_double_insert_0226_hdf5
Wandb run initiated with name: sim_double_insert_0226_hdf5_0
Decoding images...
Loading value function from /data/user_data/saksham3/double_insert_rl_checkpoints/td-n_n60_reward_typeneg_lr0.0001_seed3/checkpoint_step_20000.eqx...
Downloading weights from https://download.pytorch.org/models/resnet18-5c106cde.pth
=== Flexible Weight Loading ===
PyTorch trainable parameters: 62
✅ conv1.weight -> conv1.weight (64, 3, 7, 7)
✅ bn1.weight -> bn1.weight (64,)
✅ bn1.bias -> bn1.bias (64,)
✅ fc.weight -> fc.weight (1000, 512)
✅ fc.bias -> fc.bias (1000,)
✅ layer1.0.conv1.weight -> layer1.layers[0].conv1.weight (64, 64, 3, 3)
✅ layer1.0.bn1.weight -> layer1.layers[0].bn1.weight (64,)
✅ layer1.0.bn1.bias -> layer1.layers[0].bn1.bias (64,)
✅ layer1.0.conv2.weight -> layer1.layers[0].conv2.weight (64, 64, 3, 3)
✅ layer1.0.bn2.weight -> layer1.layers[0].bn2.weight (64,)
✅ layer1.0.bn2.bias -> layer1.layers[0].bn2.bias (64,)
✅ layer1.1.conv1.weight -> layer1.layers[1].conv1.weight (64, 64, 3, 3)
✅ layer1.1.bn1.weight -> layer1.layers[1].bn1.weight (64,)
✅ layer1.1.bn1.bias -> layer1.layers[1].bn1.bias (64,)
✅ layer1.1.conv2.weight -> layer1.layers[1].conv2.weight (64, 64, 3, 3)
✅ layer1.1.bn2.weight -> layer1.layers[1].bn2.weight (64,)
✅ layer1.1.bn2.bias -> layer1.layers[1].bn2.bias (64,)
✅ layer2.0.conv1.weight -> layer2.layers[0].conv1.weight (128, 64, 3, 3)
✅ layer2.0.bn1.weight -> layer2.layers[0].bn1.weight (128,)
✅ layer2.0.bn1.bias -> layer2.layers[0].bn1.bias (128,)
✅ layer2.0.conv2.weight -> layer2.layers[0].conv2.weight (128, 128, 3, 3)
✅ layer2.0.bn2.weight -> layer2.layers[0].bn2.weight (128,)
✅ layer2.0.bn2.bias -> layer2.layers[0].bn2.bias (128,)
✅ layer2.0.downsample.0.weight -> layer2.layers[0].downsample.layers[0].weight (128, 64, 1, 1)
✅ layer2.0.downsample.1.weight -> layer2.layers[0].downsample.layers[1].weight (128,)
✅ layer2.0.downsample.1.bias -> layer2.layers[0].downsample.layers[1].bias (128,)
✅ layer2.1.conv1.weight -> layer2.layers[1].conv1.weight (128, 128, 3, 3)
✅ layer2.1.bn1.weight -> layer2.layers[1].bn1.weight (128,)
✅ layer2.1.bn1.bias -> layer2.layers[1].bn1.bias (128,)
✅ layer2.1.conv2.weight -> layer2.layers[1].conv2.weight (128, 128, 3, 3)
✅ layer2.1.bn2.weight -> layer2.layers[1].bn2.weight (128,)
✅ layer2.1.bn2.bias -> layer2.layers[1].bn2.bias (128,)
✅ layer3.0.conv1.weight -> layer3.layers[0].conv1.weight (256, 128, 3, 3)
✅ layer3.0.bn1.weight -> layer3.layers[0].bn1.weight (256,)
✅ layer3.0.bn1.bias -> layer3.layers[0].bn1.bias (256,)
✅ layer3.0.conv2.weight -> layer3.layers[0].conv2.weight (256, 256, 3, 3)
✅ layer3.0.bn2.weight -> layer3.layers[0].bn2.weight (256,)
✅ layer3.0.bn2.bias -> layer3.layers[0].bn2.bias (256,)
✅ layer3.0.downsample.0.weight -> layer3.layers[0].downsample.layers[0].weight (256, 128, 1, 1)
✅ layer3.0.downsample.1.weight -> layer3.layers[0].downsample.layers[1].weight (256,)
✅ layer3.0.downsample.1.bias -> layer3.layers[0].downsample.layers[1].bias (256,)
✅ layer3.1.conv1.weight -> layer3.layers[1].conv1.weight (256, 256, 3, 3)
✅ layer3.1.bn1.weight -> layer3.layers[1].bn1.weight (256,)
✅ layer3.1.bn1.bias -> layer3.layers[1].bn1.bias (256,)
✅ layer3.1.conv2.weight -> layer3.layers[1].conv2.weight (256, 256, 3, 3)
✅ layer3.1.bn2.weight -> layer3.layers[1].bn2.weight (256,)
✅ layer3.1.bn2.bias -> layer3.layers[1].bn2.bias (256,)
✅ layer4.0.conv1.weight -> layer4.layers[0].conv1.weight (512, 256, 3, 3)
✅ layer4.0.bn1.weight -> layer4.layers[0].bn1.weight (512,)
✅ layer4.0.bn1.bias -> layer4.layers[0].bn1.bias (512,)
✅ layer4.0.conv2.weight -> layer4.layers[0].conv2.weight (512, 512, 3, 3)
✅ layer4.0.bn2.weight -> layer4.layers[0].bn2.weight (512,)
✅ layer4.0.bn2.bias -> layer4.layers[0].bn2.bias (512,)
✅ layer4.0.downsample.0.weight -> layer4.layers[0].downsample.layers[0].weight (512, 256, 1, 1)
✅ layer4.0.downsample.1.weight -> layer4.layers[0].downsample.layers[1].weight (512,)
✅ layer4.0.downsample.1.bias -> layer4.layers[0].downsample.layers[1].bias (512,)
✅ layer4.1.conv1.weight -> layer4.layers[1].conv1.weight (512, 512, 3, 3)
✅ layer4.1.bn1.weight -> layer4.layers[1].bn1.weight (512,)
✅ layer4.1.bn1.bias -> layer4.layers[1].bn1.bias (512,)
✅ layer4.1.conv2.weight -> layer4.layers[1].conv2.weight (512, 512, 3, 3)
✅ layer4.1.bn2.weight -> layer4.layers[1].bn2.weight (512,)
✅ layer4.1.bn2.bias -> layer4.layers[1].bn2.bias (512,)

=== Loading BatchNorm Running Statistics ===
✅ bn1.running_mean -> bn1.ema_state_index.init[0]
✅ bn1.running_var -> bn1.ema_state_index.init[1]
✅ layer1.0.bn1.running_mean -> layer1.layers[0].bn1.ema_state_index.init[0]
✅ layer1.0.bn1.running_var -> layer1.layers[0].bn1.ema_state_index.init[1]
✅ layer1.0.bn2.running_mean -> layer1.layers[0].bn2.ema_state_index.init[0]
✅ layer1.0.bn2.running_var -> layer1.layers[0].bn2.ema_state_index.init[1]
✅ layer1.1.bn1.running_mean -> layer1.layers[1].bn1.ema_state_index.init[0]
✅ layer1.1.bn1.running_var -> layer1.layers[1].bn1.ema_state_index.init[1]
✅ layer1.1.bn2.running_mean -> layer1.layers[1].bn2.ema_state_index.init[0]
✅ layer1.1.bn2.running_var -> layer1.layers[1].bn2.ema_state_index.init[1]
✅ layer2.0.bn1.running_mean -> layer2.layers[0].bn1.ema_state_index.init[0]
✅ layer2.0.bn1.running_var -> layer2.layers[0].bn1.ema_state_index.init[1]
✅ layer2.0.bn2.running_mean -> layer2.layers[0].bn2.ema_state_index.init[0]
✅ layer2.0.bn2.running_var -> layer2.layers[0].bn2.ema_state_index.init[1]
✅ layer2.0.downsample.1.running_mean -> layer2.layers[0].downsample.layers[1].ema_state_index.init[0]
✅ layer2.0.downsample.1.running_var -> layer2.layers[0].downsample.layers[1].ema_state_index.init[1]
✅ layer2.1.bn1.running_mean -> layer2.layers[1].bn1.ema_state_index.init[0]
✅ layer2.1.bn1.running_var -> layer2.layers[1].bn1.ema_state_index.init[1]
✅ layer2.1.bn2.running_mean -> layer2.layers[1].bn2.ema_state_index.init[0]
✅ layer2.1.bn2.running_var -> layer2.layers[1].bn2.ema_state_index.init[1]
✅ layer3.0.bn1.running_mean -> layer3.layers[0].bn1.ema_state_index.init[0]
✅ layer3.0.bn1.running_var -> layer3.layers[0].bn1.ema_state_index.init[1]
✅ layer3.0.bn2.running_mean -> layer3.layers[0].bn2.ema_state_index.init[0]
✅ layer3.0.bn2.running_var -> layer3.layers[0].bn2.ema_state_index.init[1]
✅ layer3.0.downsample.1.running_mean -> layer3.layers[0].downsample.layers[1].ema_state_index.init[0]
✅ layer3.0.downsample.1.running_var -> layer3.layers[0].downsample.layers[1].ema_state_index.init[1]
✅ layer3.1.bn1.running_mean -> layer3.layers[1].bn1.ema_state_index.init[0]
✅ layer3.1.bn1.running_var -> layer3.layers[1].bn1.ema_state_index.init[1]
✅ layer3.1.bn2.running_mean -> layer3.layers[1].bn2.ema_state_index.init[0]
✅ layer3.1.bn2.running_var -> layer3.layers[1].bn2.ema_state_index.init[1]
✅ layer4.0.bn1.running_mean -> layer4.layers[0].bn1.ema_state_index.init[0]
✅ layer4.0.bn1.running_var -> layer4.layers[0].bn1.ema_state_index.init[1]
✅ layer4.0.bn2.running_mean -> layer4.layers[0].bn2.ema_state_index.init[0]
✅ layer4.0.bn2.running_var -> layer4.layers[0].bn2.ema_state_index.init[1]
✅ layer4.0.downsample.1.running_mean -> layer4.layers[0].downsample.layers[1].ema_state_index.init[0]
✅ layer4.0.downsample.1.running_var -> layer4.layers[0].downsample.layers[1].ema_state_index.init[1]
✅ layer4.1.bn1.running_mean -> layer4.layers[1].bn1.ema_state_index.init[0]
✅ layer4.1.bn1.running_var -> layer4.layers[1].bn1.ema_state_index.init[1]
✅ layer4.1.bn2.running_mean -> layer4.layers[1].bn2.ema_state_index.init[0]
✅ layer4.1.bn2.running_var -> layer4.layers[1].bn2.ema_state_index.init[1]

=== Loading Results ===
✅ Trainable parameters loaded: 62
✅ BatchNorm statistics loaded: 40
❌ Failed loads: 0
=== Flexible Weight Loading ===
PyTorch trainable parameters: 62
✅ conv1.weight -> conv1.weight (64, 3, 7, 7)
✅ bn1.weight -> bn1.weight (64,)
✅ bn1.bias -> bn1.bias (64,)
✅ fc.weight -> fc.weight (1000, 512)
✅ fc.bias -> fc.bias (1000,)
✅ layer1.0.conv1.weight -> layer1.layers[0].conv1.weight (64, 64, 3, 3)
✅ layer1.0.bn1.weight -> layer1.layers[0].bn1.weight (64,)
✅ layer1.0.bn1.bias -> layer1.layers[0].bn1.bias (64,)
✅ layer1.0.conv2.weight -> layer1.layers[0].conv2.weight (64, 64, 3, 3)
✅ layer1.0.bn2.weight -> layer1.layers[0].bn2.weight (64,)
✅ layer1.0.bn2.bias -> layer1.layers[0].bn2.bias (64,)
✅ layer1.1.conv1.weight -> layer1.layers[1].conv1.weight (64, 64, 3, 3)
✅ layer1.1.bn1.weight -> layer1.layers[1].bn1.weight (64,)
✅ layer1.1.bn1.bias -> layer1.layers[1].bn1.bias (64,)
✅ layer1.1.conv2.weight -> layer1.layers[1].conv2.weight (64, 64, 3, 3)
✅ layer1.1.bn2.weight -> layer1.layers[1].bn2.weight (64,)
✅ layer1.1.bn2.bias -> layer1.layers[1].bn2.bias (64,)
✅ layer2.0.conv1.weight -> layer2.layers[0].conv1.weight (128, 64, 3, 3)
✅ layer2.0.bn1.weight -> layer2.layers[0].bn1.weight (128,)
✅ layer2.0.bn1.bias -> layer2.layers[0].bn1.bias (128,)
✅ layer2.0.conv2.weight -> layer2.layers[0].conv2.weight (128, 128, 3, 3)
✅ layer2.0.bn2.weight -> layer2.layers[0].bn2.weight (128,)
✅ layer2.0.bn2.bias -> layer2.layers[0].bn2.bias (128,)
✅ layer2.0.downsample.0.weight -> layer2.layers[0].downsample.layers[0].weight (128, 64, 1, 1)
✅ layer2.0.downsample.1.weight -> layer2.layers[0].downsample.layers[1].weight (128,)
✅ layer2.0.downsample.1.bias -> layer2.layers[0].downsample.layers[1].bias (128,)
✅ layer2.1.conv1.weight -> layer2.layers[1].conv1.weight (128, 128, 3, 3)
✅ layer2.1.bn1.weight -> layer2.layers[1].bn1.weight (128,)
✅ layer2.1.bn1.bias -> layer2.layers[1].bn1.bias (128,)
✅ layer2.1.conv2.weight -> layer2.layers[1].conv2.weight (128, 128, 3, 3)
✅ layer2.1.bn2.weight -> layer2.layers[1].bn2.weight (128,)
✅ layer2.1.bn2.bias -> layer2.layers[1].bn2.bias (128,)
✅ layer3.0.conv1.weight -> layer3.layers[0].conv1.weight (256, 128, 3, 3)
✅ layer3.0.bn1.weight -> layer3.layers[0].bn1.weight (256,)
✅ layer3.0.bn1.bias -> layer3.layers[0].bn1.bias (256,)
✅ layer3.0.conv2.weight -> layer3.layers[0].conv2.weight (256, 256, 3, 3)
✅ layer3.0.bn2.weight -> layer3.layers[0].bn2.weight (256,)
✅ layer3.0.bn2.bias -> layer3.layers[0].bn2.bias (256,)
✅ layer3.0.downsample.0.weight -> layer3.layers[0].downsample.layers[0].weight (256, 128, 1, 1)
✅ layer3.0.downsample.1.weight -> layer3.layers[0].downsample.layers[1].weight (256,)
✅ layer3.0.downsample.1.bias -> layer3.layers[0].downsample.layers[1].bias (256,)
✅ layer3.1.conv1.weight -> layer3.layers[1].conv1.weight (256, 256, 3, 3)
✅ layer3.1.bn1.weight -> layer3.layers[1].bn1.weight (256,)
✅ layer3.1.bn1.bias -> layer3.layers[1].bn1.bias (256,)
✅ layer3.1.conv2.weight -> layer3.layers[1].conv2.weight (256, 256, 3, 3)
✅ layer3.1.bn2.weight -> layer3.layers[1].bn2.weight (256,)
✅ layer3.1.bn2.bias -> layer3.layers[1].bn2.bias (256,)
✅ layer4.0.conv1.weight -> layer4.layers[0].conv1.weight (512, 256, 3, 3)
✅ layer4.0.bn1.weight -> layer4.layers[0].bn1.weight (512,)
✅ layer4.0.bn1.bias -> layer4.layers[0].bn1.bias (512,)
✅ layer4.0.conv2.weight -> layer4.layers[0].conv2.weight (512, 512, 3, 3)
✅ layer4.0.bn2.weight -> layer4.layers[0].bn2.weight (512,)
✅ layer4.0.bn2.bias -> layer4.layers[0].bn2.bias (512,)
✅ layer4.0.downsample.0.weight -> layer4.layers[0].downsample.layers[0].weight (512, 256, 1, 1)
✅ layer4.0.downsample.1.weight -> layer4.layers[0].downsample.layers[1].weight (512,)
✅ layer4.0.downsample.1.bias -> layer4.layers[0].downsample.layers[1].bias (512,)
✅ layer4.1.conv1.weight -> layer4.layers[1].conv1.weight (512, 512, 3, 3)
✅ layer4.1.bn1.weight -> layer4.layers[1].bn1.weight (512,)
✅ layer4.1.bn1.bias -> layer4.layers[1].bn1.bias (512,)
✅ layer4.1.conv2.weight -> layer4.layers[1].conv2.weight (512, 512, 3, 3)
✅ layer4.1.bn2.weight -> layer4.layers[1].bn2.weight (512,)
✅ layer4.1.bn2.bias -> layer4.layers[1].bn2.bias (512,)

=== Loading BatchNorm Running Statistics ===
✅ bn1.running_mean -> bn1.ema_state_index.init[0]
✅ bn1.running_var -> bn1.ema_state_index.init[1]
✅ layer1.0.bn1.running_mean -> layer1.layers[0].bn1.ema_state_index.init[0]
✅ layer1.0.bn1.running_var -> layer1.layers[0].bn1.ema_state_index.init[1]
✅ layer1.0.bn2.running_mean -> layer1.layers[0].bn2.ema_state_index.init[0]
✅ layer1.0.bn2.running_var -> layer1.layers[0].bn2.ema_state_index.init[1]
✅ layer1.1.bn1.running_mean -> layer1.layers[1].bn1.ema_state_index.init[0]
✅ layer1.1.bn1.running_var -> layer1.layers[1].bn1.ema_state_index.init[1]
✅ layer1.1.bn2.running_mean -> layer1.layers[1].bn2.ema_state_index.init[0]
✅ layer1.1.bn2.running_var -> layer1.layers[1].bn2.ema_state_index.init[1]
✅ layer2.0.bn1.running_mean -> layer2.layers[0].bn1.ema_state_index.init[0]
✅ layer2.0.bn1.running_var -> layer2.layers[0].bn1.ema_state_index.init[1]
✅ layer2.0.bn2.running_mean -> layer2.layers[0].bn2.ema_state_index.init[0]
✅ layer2.0.bn2.running_var -> layer2.layers[0].bn2.ema_state_index.init[1]
✅ layer2.0.downsample.1.running_mean -> layer2.layers[0].downsample.layers[1].ema_state_index.init[0]
✅ layer2.0.downsample.1.running_var -> layer2.layers[0].downsample.layers[1].ema_state_index.init[1]
✅ layer2.1.bn1.running_mean -> layer2.layers[1].bn1.ema_state_index.init[0]
✅ layer2.1.bn1.running_var -> layer2.layers[1].bn1.ema_state_index.init[1]
✅ layer2.1.bn2.running_mean -> layer2.layers[1].bn2.ema_state_index.init[0]
✅ layer2.1.bn2.running_var -> layer2.layers[1].bn2.ema_state_index.init[1]
✅ layer3.0.bn1.running_mean -> layer3.layers[0].bn1.ema_state_index.init[0]
✅ layer3.0.bn1.running_var -> layer3.layers[0].bn1.ema_state_index.init[1]
✅ layer3.0.bn2.running_mean -> layer3.layers[0].bn2.ema_state_index.init[0]
✅ layer3.0.bn2.running_var -> layer3.layers[0].bn2.ema_state_index.init[1]
✅ layer3.0.downsample.1.running_mean -> layer3.layers[0].downsample.layers[1].ema_state_index.init[0]
✅ layer3.0.downsample.1.running_var -> layer3.layers[0].downsample.layers[1].ema_state_index.init[1]
✅ layer3.1.bn1.running_mean -> layer3.layers[1].bn1.ema_state_index.init[0]
✅ layer3.1.bn1.running_var -> layer3.layers[1].bn1.ema_state_index.init[1]
✅ layer3.1.bn2.running_mean -> layer3.layers[1].bn2.ema_state_index.init[0]
✅ layer3.1.bn2.running_var -> layer3.layers[1].bn2.ema_state_index.init[1]
✅ layer4.0.bn1.running_mean -> layer4.layers[0].bn1.ema_state_index.init[0]
✅ layer4.0.bn1.running_var -> layer4.layers[0].bn1.ema_state_index.init[1]
✅ layer4.0.bn2.running_mean -> layer4.layers[0].bn2.ema_state_index.init[0]
✅ layer4.0.bn2.running_var -> layer4.layers[0].bn2.ema_state_index.init[1]
✅ layer4.0.downsample.1.running_mean -> layer4.layers[0].downsample.layers[1].ema_state_index.init[0]
✅ layer4.0.downsample.1.running_var -> layer4.layers[0].downsample.layers[1].ema_state_index.init[1]
✅ layer4.1.bn1.running_mean -> layer4.layers[1].bn1.ema_state_index.init[0]
✅ layer4.1.bn1.running_var -> layer4.layers[1].bn1.ema_state_index.init[1]
✅ layer4.1.bn2.running_mean -> layer4.layers[1].bn2.ema_state_index.init[0]
✅ layer4.1.bn2.running_var -> layer4.layers[1].bn2.ema_state_index.init[1]

=== Loading Results ===
✅ Trainable parameters loaded: 62
✅ BatchNorm statistics loaded: 40
❌ Failed loads: 0
=== Flexible Weight Loading ===
PyTorch trainable parameters: 62
✅ conv1.weight -> conv1.weight (64, 3, 7, 7)
✅ bn1.weight -> bn1.weight (64,)
✅ bn1.bias -> bn1.bias (64,)
✅ fc.weight -> fc.weight (1000, 512)
✅ fc.bias -> fc.bias (1000,)
✅ layer1.0.conv1.weight -> layer1.layers[0].conv1.weight (64, 64, 3, 3)
✅ layer1.0.bn1.weight -> layer1.layers[0].bn1.weight (64,)
✅ layer1.0.bn1.bias -> layer1.layers[0].bn1.bias (64,)
✅ layer1.0.conv2.weight -> layer1.layers[0].conv2.weight (64, 64, 3, 3)
✅ layer1.0.bn2.weight -> layer1.layers[0].bn2.weight (64,)
✅ layer1.0.bn2.bias -> layer1.layers[0].bn2.bias (64,)
✅ layer1.1.conv1.weight -> layer1.layers[1].conv1.weight (64, 64, 3, 3)
✅ layer1.1.bn1.weight -> layer1.layers[1].bn1.weight (64,)
✅ layer1.1.bn1.bias -> layer1.layers[1].bn1.bias (64,)
✅ layer1.1.conv2.weight -> layer1.layers[1].conv2.weight (64, 64, 3, 3)
✅ layer1.1.bn2.weight -> layer1.layers[1].bn2.weight (64,)
✅ layer1.1.bn2.bias -> layer1.layers[1].bn2.bias (64,)
✅ layer2.0.conv1.weight -> layer2.layers[0].conv1.weight (128, 64, 3, 3)
✅ layer2.0.bn1.weight -> layer2.layers[0].bn1.weight (128,)
✅ layer2.0.bn1.bias -> layer2.layers[0].bn1.bias (128,)
✅ layer2.0.conv2.weight -> layer2.layers[0].conv2.weight (128, 128, 3, 3)
✅ layer2.0.bn2.weight -> layer2.layers[0].bn2.weight (128,)
✅ layer2.0.bn2.bias -> layer2.layers[0].bn2.bias (128,)
✅ layer2.0.downsample.0.weight -> layer2.layers[0].downsample.layers[0].weight (128, 64, 1, 1)
✅ layer2.0.downsample.1.weight -> layer2.layers[0].downsample.layers[1].weight (128,)
✅ layer2.0.downsample.1.bias -> layer2.layers[0].downsample.layers[1].bias (128,)
✅ layer2.1.conv1.weight -> layer2.layers[1].conv1.weight (128, 128, 3, 3)
✅ layer2.1.bn1.weight -> layer2.layers[1].bn1.weight (128,)
✅ layer2.1.bn1.bias -> layer2.layers[1].bn1.bias (128,)
✅ layer2.1.conv2.weight -> layer2.layers[1].conv2.weight (128, 128, 3, 3)
✅ layer2.1.bn2.weight -> layer2.layers[1].bn2.weight (128,)
✅ layer2.1.bn2.bias -> layer2.layers[1].bn2.bias (128,)
✅ layer3.0.conv1.weight -> layer3.layers[0].conv1.weight (256, 128, 3, 3)
✅ layer3.0.bn1.weight -> layer3.layers[0].bn1.weight (256,)
✅ layer3.0.bn1.bias -> layer3.layers[0].bn1.bias (256,)
✅ layer3.0.conv2.weight -> layer3.layers[0].conv2.weight (256, 256, 3, 3)
✅ layer3.0.bn2.weight -> layer3.layers[0].bn2.weight (256,)
✅ layer3.0.bn2.bias -> layer3.layers[0].bn2.bias (256,)
✅ layer3.0.downsample.0.weight -> layer3.layers[0].downsample.layers[0].weight (256, 128, 1, 1)
✅ layer3.0.downsample.1.weight -> layer3.layers[0].downsample.layers[1].weight (256,)
✅ layer3.0.downsample.1.bias -> layer3.layers[0].downsample.layers[1].bias (256,)
✅ layer3.1.conv1.weight -> layer3.layers[1].conv1.weight (256, 256, 3, 3)
✅ layer3.1.bn1.weight -> layer3.layers[1].bn1.weight (256,)
✅ layer3.1.bn1.bias -> layer3.layers[1].bn1.bias (256,)
✅ layer3.1.conv2.weight -> layer3.layers[1].conv2.weight (256, 256, 3, 3)
✅ layer3.1.bn2.weight -> layer3.layers[1].bn2.weight (256,)
✅ layer3.1.bn2.bias -> layer3.layers[1].bn2.bias (256,)
✅ layer4.0.conv1.weight -> layer4.layers[0].conv1.weight (512, 256, 3, 3)
✅ layer4.0.bn1.weight -> layer4.layers[0].bn1.weight (512,)
✅ layer4.0.bn1.bias -> layer4.layers[0].bn1.bias (512,)
✅ layer4.0.conv2.weight -> layer4.layers[0].conv2.weight (512, 512, 3, 3)
✅ layer4.0.bn2.weight -> layer4.layers[0].bn2.weight (512,)
✅ layer4.0.bn2.bias -> layer4.layers[0].bn2.bias (512,)
✅ layer4.0.downsample.0.weight -> layer4.layers[0].downsample.layers[0].weight (512, 256, 1, 1)
✅ layer4.0.downsample.1.weight -> layer4.layers[0].downsample.layers[1].weight (512,)
✅ layer4.0.downsample.1.bias -> layer4.layers[0].downsample.layers[1].bias (512,)
✅ layer4.1.conv1.weight -> layer4.layers[1].conv1.weight (512, 512, 3, 3)
✅ layer4.1.bn1.weight -> layer4.layers[1].bn1.weight (512,)
✅ layer4.1.bn1.bias -> layer4.layers[1].bn1.bias (512,)
✅ layer4.1.conv2.weight -> layer4.layers[1].conv2.weight (512, 512, 3, 3)
✅ layer4.1.bn2.weight -> layer4.layers[1].bn2.weight (512,)
✅ layer4.1.bn2.bias -> layer4.layers[1].bn2.bias (512,)

=== Loading BatchNorm Running Statistics ===
✅ bn1.running_mean -> bn1.ema_state_index.init[0]
✅ bn1.running_var -> bn1.ema_state_index.init[1]
✅ layer1.0.bn1.running_mean -> layer1.layers[0].bn1.ema_state_index.init[0]
✅ layer1.0.bn1.running_var -> layer1.layers[0].bn1.ema_state_index.init[1]
✅ layer1.0.bn2.running_mean -> layer1.layers[0].bn2.ema_state_index.init[0]
✅ layer1.0.bn2.running_var -> layer1.layers[0].bn2.ema_state_index.init[1]
✅ layer1.1.bn1.running_mean -> layer1.layers[1].bn1.ema_state_index.init[0]
✅ layer1.1.bn1.running_var -> layer1.layers[1].bn1.ema_state_index.init[1]
✅ layer1.1.bn2.running_mean -> layer1.layers[1].bn2.ema_state_index.init[0]
✅ layer1.1.bn2.running_var -> layer1.layers[1].bn2.ema_state_index.init[1]
✅ layer2.0.bn1.running_mean -> layer2.layers[0].bn1.ema_state_index.init[0]
✅ layer2.0.bn1.running_var -> layer2.layers[0].bn1.ema_state_index.init[1]
✅ layer2.0.bn2.running_mean -> layer2.layers[0].bn2.ema_state_index.init[0]
✅ layer2.0.bn2.running_var -> layer2.layers[0].bn2.ema_state_index.init[1]
✅ layer2.0.downsample.1.running_mean -> layer2.layers[0].downsample.layers[1].ema_state_index.init[0]
✅ layer2.0.downsample.1.running_var -> layer2.layers[0].downsample.layers[1].ema_state_index.init[1]
✅ layer2.1.bn1.running_mean -> layer2.layers[1].bn1.ema_state_index.init[0]
✅ layer2.1.bn1.running_var -> layer2.layers[1].bn1.ema_state_index.init[1]
✅ layer2.1.bn2.running_mean -> layer2.layers[1].bn2.ema_state_index.init[0]
✅ layer2.1.bn2.running_var -> layer2.layers[1].bn2.ema_state_index.init[1]
✅ layer3.0.bn1.running_mean -> layer3.layers[0].bn1.ema_state_index.init[0]
✅ layer3.0.bn1.running_var -> layer3.layers[0].bn1.ema_state_index.init[1]
✅ layer3.0.bn2.running_mean -> layer3.layers[0].bn2.ema_state_index.init[0]
✅ layer3.0.bn2.running_var -> layer3.layers[0].bn2.ema_state_index.init[1]
✅ layer3.0.downsample.1.running_mean -> layer3.layers[0].downsample.layers[1].ema_state_index.init[0]
✅ layer3.0.downsample.1.running_var -> layer3.layers[0].downsample.layers[1].ema_state_index.init[1]
✅ layer3.1.bn1.running_mean -> layer3.layers[1].bn1.ema_state_index.init[0]
✅ layer3.1.bn1.running_var -> layer3.layers[1].bn1.ema_state_index.init[1]
✅ layer3.1.bn2.running_mean -> layer3.layers[1].bn2.ema_state_index.init[0]
✅ layer3.1.bn2.running_var -> layer3.layers[1].bn2.ema_state_index.init[1]
✅ layer4.0.bn1.running_mean -> layer4.layers[0].bn1.ema_state_index.init[0]
✅ layer4.0.bn1.running_var -> layer4.layers[0].bn1.ema_state_index.init[1]
✅ layer4.0.bn2.running_mean -> layer4.layers[0].bn2.ema_state_index.init[0]
✅ layer4.0.bn2.running_var -> layer4.layers[0].bn2.ema_state_index.init[1]
✅ layer4.0.downsample.1.running_mean -> layer4.layers[0].downsample.layers[1].ema_state_index.init[0]
✅ layer4.0.downsample.1.running_var -> layer4.layers[0].downsample.layers[1].ema_state_index.init[1]
✅ layer4.1.bn1.running_mean -> layer4.layers[1].bn1.ema_state_index.init[0]
✅ layer4.1.bn1.running_var -> layer4.layers[1].bn1.ema_state_index.init[1]
✅ layer4.1.bn2.running_mean -> layer4.layers[1].bn2.ema_state_index.init[0]
✅ layer4.1.bn2.running_var -> layer4.layers[1].bn2.ema_state_index.init[1]

=== Loading Results ===
✅ Trainable parameters loaded: 62
✅ BatchNorm statistics loaded: 40
❌ Failed loads: 0
=== Flexible Weight Loading ===
PyTorch trainable parameters: 62
✅ conv1.weight -> conv1.weight (64, 3, 7, 7)
✅ bn1.weight -> bn1.weight (64,)
✅ bn1.bias -> bn1.bias (64,)
✅ fc.weight -> fc.weight (1000, 512)
✅ fc.bias -> fc.bias (1000,)
✅ layer1.0.conv1.weight -> layer1.layers[0].conv1.weight (64, 64, 3, 3)
✅ layer1.0.bn1.weight -> layer1.layers[0].bn1.weight (64,)
✅ layer1.0.bn1.bias -> layer1.layers[0].bn1.bias (64,)
✅ layer1.0.conv2.weight -> layer1.layers[0].conv2.weight (64, 64, 3, 3)
✅ layer1.0.bn2.weight -> layer1.layers[0].bn2.weight (64,)
✅ layer1.0.bn2.bias -> layer1.layers[0].bn2.bias (64,)
✅ layer1.1.conv1.weight -> layer1.layers[1].conv1.weight (64, 64, 3, 3)
✅ layer1.1.bn1.weight -> layer1.layers[1].bn1.weight (64,)
✅ layer1.1.bn1.bias -> layer1.layers[1].bn1.bias (64,)
✅ layer1.1.conv2.weight -> layer1.layers[1].conv2.weight (64, 64, 3, 3)
✅ layer1.1.bn2.weight -> layer1.layers[1].bn2.weight (64,)
✅ layer1.1.bn2.bias -> layer1.layers[1].bn2.bias (64,)
✅ layer2.0.conv1.weight -> layer2.layers[0].conv1.weight (128, 64, 3, 3)
✅ layer2.0.bn1.weight -> layer2.layers[0].bn1.weight (128,)
✅ layer2.0.bn1.bias -> layer2.layers[0].bn1.bias (128,)
✅ layer2.0.conv2.weight -> layer2.layers[0].conv2.weight (128, 128, 3, 3)
✅ layer2.0.bn2.weight -> layer2.layers[0].bn2.weight (128,)
✅ layer2.0.bn2.bias -> layer2.layers[0].bn2.bias (128,)
✅ layer2.0.downsample.0.weight -> layer2.layers[0].downsample.layers[0].weight (128, 64, 1, 1)
✅ layer2.0.downsample.1.weight -> layer2.layers[0].downsample.layers[1].weight (128,)
✅ layer2.0.downsample.1.bias -> layer2.layers[0].downsample.layers[1].bias (128,)
✅ layer2.1.conv1.weight -> layer2.layers[1].conv1.weight (128, 128, 3, 3)
✅ layer2.1.bn1.weight -> layer2.layers[1].bn1.weight (128,)
✅ layer2.1.bn1.bias -> layer2.layers[1].bn1.bias (128,)
✅ layer2.1.conv2.weight -> layer2.layers[1].conv2.weight (128, 128, 3, 3)
✅ layer2.1.bn2.weight -> layer2.layers[1].bn2.weight (128,)
✅ layer2.1.bn2.bias -> layer2.layers[1].bn2.bias (128,)
✅ layer3.0.conv1.weight -> layer3.layers[0].conv1.weight (256, 128, 3, 3)
✅ layer3.0.bn1.weight -> layer3.layers[0].bn1.weight (256,)
✅ layer3.0.bn1.bias -> layer3.layers[0].bn1.bias (256,)
✅ layer3.0.conv2.weight -> layer3.layers[0].conv2.weight (256, 256, 3, 3)
✅ layer3.0.bn2.weight -> layer3.layers[0].bn2.weight (256,)
✅ layer3.0.bn2.bias -> layer3.layers[0].bn2.bias (256,)
✅ layer3.0.downsample.0.weight -> layer3.layers[0].downsample.layers[0].weight (256, 128, 1, 1)
✅ layer3.0.downsample.1.weight -> layer3.layers[0].downsample.layers[1].weight (256,)
✅ layer3.0.downsample.1.bias -> layer3.layers[0].downsample.layers[1].bias (256,)
✅ layer3.1.conv1.weight -> layer3.layers[1].conv1.weight (256, 256, 3, 3)
✅ layer3.1.bn1.weight -> layer3.layers[1].bn1.weight (256,)
✅ layer3.1.bn1.bias -> layer3.layers[1].bn1.bias (256,)
✅ layer3.1.conv2.weight -> layer3.layers[1].conv2.weight (256, 256, 3, 3)
✅ layer3.1.bn2.weight -> layer3.layers[1].bn2.weight (256,)
✅ layer3.1.bn2.bias -> layer3.layers[1].bn2.bias (256,)
✅ layer4.0.conv1.weight -> layer4.layers[0].conv1.weight (512, 256, 3, 3)
✅ layer4.0.bn1.weight -> layer4.layers[0].bn1.weight (512,)
✅ layer4.0.bn1.bias -> layer4.layers[0].bn1.bias (512,)
✅ layer4.0.conv2.weight -> layer4.layers[0].conv2.weight (512, 512, 3, 3)
✅ layer4.0.bn2.weight -> layer4.layers[0].bn2.weight (512,)
✅ layer4.0.bn2.bias -> layer4.layers[0].bn2.bias (512,)
✅ layer4.0.downsample.0.weight -> layer4.layers[0].downsample.layers[0].weight (512, 256, 1, 1)
✅ layer4.0.downsample.1.weight -> layer4.layers[0].downsample.layers[1].weight (512,)
✅ layer4.0.downsample.1.bias -> layer4.layers[0].downsample.layers[1].bias (512,)
✅ layer4.1.conv1.weight -> layer4.layers[1].conv1.weight (512, 512, 3, 3)
✅ layer4.1.bn1.weight -> layer4.layers[1].bn1.weight (512,)
✅ layer4.1.bn1.bias -> layer4.layers[1].bn1.bias (512,)
✅ layer4.1.conv2.weight -> layer4.layers[1].conv2.weight (512, 512, 3, 3)
✅ layer4.1.bn2.weight -> layer4.layers[1].bn2.weight (512,)
✅ layer4.1.bn2.bias -> layer4.layers[1].bn2.bias (512,)

=== Loading BatchNorm Running Statistics ===
✅ bn1.running_mean -> bn1.ema_state_index.init[0]
✅ bn1.running_var -> bn1.ema_state_index.init[1]
✅ layer1.0.bn1.running_mean -> layer1.layers[0].bn1.ema_state_index.init[0]
✅ layer1.0.bn1.running_var -> layer1.layers[0].bn1.ema_state_index.init[1]
✅ layer1.0.bn2.running_mean -> layer1.layers[0].bn2.ema_state_index.init[0]
✅ layer1.0.bn2.running_var -> layer1.layers[0].bn2.ema_state_index.init[1]
✅ layer1.1.bn1.running_mean -> layer1.layers[1].bn1.ema_state_index.init[0]
✅ layer1.1.bn1.running_var -> layer1.layers[1].bn1.ema_state_index.init[1]
✅ layer1.1.bn2.running_mean -> layer1.layers[1].bn2.ema_state_index.init[0]
✅ layer1.1.bn2.running_var -> layer1.layers[1].bn2.ema_state_index.init[1]
✅ layer2.0.bn1.running_mean -> layer2.layers[0].bn1.ema_state_index.init[0]
✅ layer2.0.bn1.running_var -> layer2.layers[0].bn1.ema_state_index.init[1]
✅ layer2.0.bn2.running_mean -> layer2.layers[0].bn2.ema_state_index.init[0]
✅ layer2.0.bn2.running_var -> layer2.layers[0].bn2.ema_state_index.init[1]
✅ layer2.0.downsample.1.running_mean -> layer2.layers[0].downsample.layers[1].ema_state_index.init[0]
✅ layer2.0.downsample.1.running_var -> layer2.layers[0].downsample.layers[1].ema_state_index.init[1]
✅ layer2.1.bn1.running_mean -> layer2.layers[1].bn1.ema_state_index.init[0]
✅ layer2.1.bn1.running_var -> layer2.layers[1].bn1.ema_state_index.init[1]
✅ layer2.1.bn2.running_mean -> layer2.layers[1].bn2.ema_state_index.init[0]
✅ layer2.1.bn2.running_var -> layer2.layers[1].bn2.ema_state_index.init[1]
✅ layer3.0.bn1.running_mean -> layer3.layers[0].bn1.ema_state_index.init[0]
✅ layer3.0.bn1.running_var -> layer3.layers[0].bn1.ema_state_index.init[1]
✅ layer3.0.bn2.running_mean -> layer3.layers[0].bn2.ema_state_index.init[0]
✅ layer3.0.bn2.running_var -> layer3.layers[0].bn2.ema_state_index.init[1]
✅ layer3.0.downsample.1.running_mean -> layer3.layers[0].downsample.layers[1].ema_state_index.init[0]
✅ layer3.0.downsample.1.running_var -> layer3.layers[0].downsample.layers[1].ema_state_index.init[1]
✅ layer3.1.bn1.running_mean -> layer3.layers[1].bn1.ema_state_index.init[0]
✅ layer3.1.bn1.running_var -> layer3.layers[1].bn1.ema_state_index.init[1]
✅ layer3.1.bn2.running_mean -> layer3.layers[1].bn2.ema_state_index.init[0]
✅ layer3.1.bn2.running_var -> layer3.layers[1].bn2.ema_state_index.init[1]
✅ layer4.0.bn1.running_mean -> layer4.layers[0].bn1.ema_state_index.init[0]
✅ layer4.0.bn1.running_var -> layer4.layers[0].bn1.ema_state_index.init[1]
✅ layer4.0.bn2.running_mean -> layer4.layers[0].bn2.ema_state_index.init[0]
✅ layer4.0.bn2.running_var -> layer4.layers[0].bn2.ema_state_index.init[1]
✅ layer4.0.downsample.1.running_mean -> layer4.layers[0].downsample.layers[1].ema_state_index.init[0]
✅ layer4.0.downsample.1.running_var -> layer4.layers[0].downsample.layers[1].ema_state_index.init[1]
✅ layer4.1.bn1.running_mean -> layer4.layers[1].bn1.ema_state_index.init[0]
✅ layer4.1.bn1.running_var -> layer4.layers[1].bn1.ema_state_index.init[1]
✅ layer4.1.bn2.running_mean -> layer4.layers[1].bn2.ema_state_index.init[0]
✅ layer4.1.bn2.running_var -> layer4.layers[1].bn2.ema_state_index.init[1]

=== Loading Results ===
✅ Trainable parameters loaded: 62
✅ BatchNorm statistics loaded: 40
❌ Failed loads: 0
=== Flexible Weight Loading ===
PyTorch trainable parameters: 62
✅ conv1.weight -> conv1.weight (64, 3, 7, 7)
✅ bn1.weight -> bn1.weight (64,)
✅ bn1.bias -> bn1.bias (64,)
✅ fc.weight -> fc.weight (1000, 512)
✅ fc.bias -> fc.bias (1000,)
✅ layer1.0.conv1.weight -> layer1.layers[0].conv1.weight (64, 64, 3, 3)
✅ layer1.0.bn1.weight -> layer1.layers[0].bn1.weight (64,)
✅ layer1.0.bn1.bias -> layer1.layers[0].bn1.bias (64,)
✅ layer1.0.conv2.weight -> layer1.layers[0].conv2.weight (64, 64, 3, 3)
✅ layer1.0.bn2.weight -> layer1.layers[0].bn2.weight (64,)
✅ layer1.0.bn2.bias -> layer1.layers[0].bn2.bias (64,)
✅ layer1.1.conv1.weight -> layer1.layers[1].conv1.weight (64, 64, 3, 3)
✅ layer1.1.bn1.weight -> layer1.layers[1].bn1.weight (64,)
✅ layer1.1.bn1.bias -> layer1.layers[1].bn1.bias (64,)
✅ layer1.1.conv2.weight -> layer1.layers[1].conv2.weight (64, 64, 3, 3)
✅ layer1.1.bn2.weight -> layer1.layers[1].bn2.weight (64,)
✅ layer1.1.bn2.bias -> layer1.layers[1].bn2.bias (64,)
✅ layer2.0.conv1.weight -> layer2.layers[0].conv1.weight (128, 64, 3, 3)
✅ layer2.0.bn1.weight -> layer2.layers[0].bn1.weight (128,)
✅ layer2.0.bn1.bias -> layer2.layers[0].bn1.bias (128,)
✅ layer2.0.conv2.weight -> layer2.layers[0].conv2.weight (128, 128, 3, 3)
✅ layer2.0.bn2.weight -> layer2.layers[0].bn2.weight (128,)
✅ layer2.0.bn2.bias -> layer2.layers[0].bn2.bias (128,)
✅ layer2.0.downsample.0.weight -> layer2.layers[0].downsample.layers[0].weight (128, 64, 1, 1)
✅ layer2.0.downsample.1.weight -> layer2.layers[0].downsample.layers[1].weight (128,)
✅ layer2.0.downsample.1.bias -> layer2.layers[0].downsample.layers[1].bias (128,)
✅ layer2.1.conv1.weight -> layer2.layers[1].conv1.weight (128, 128, 3, 3)
✅ layer2.1.bn1.weight -> layer2.layers[1].bn1.weight (128,)
✅ layer2.1.bn1.bias -> layer2.layers[1].bn1.bias (128,)
✅ layer2.1.conv2.weight -> layer2.layers[1].conv2.weight (128, 128, 3, 3)
✅ layer2.1.bn2.weight -> layer2.layers[1].bn2.weight (128,)
✅ layer2.1.bn2.bias -> layer2.layers[1].bn2.bias (128,)
✅ layer3.0.conv1.weight -> layer3.layers[0].conv1.weight (256, 128, 3, 3)
✅ layer3.0.bn1.weight -> layer3.layers[0].bn1.weight (256,)
✅ layer3.0.bn1.bias -> layer3.layers[0].bn1.bias (256,)
✅ layer3.0.conv2.weight -> layer3.layers[0].conv2.weight (256, 256, 3, 3)
✅ layer3.0.bn2.weight -> layer3.layers[0].bn2.weight (256,)
✅ layer3.0.bn2.bias -> layer3.layers[0].bn2.bias (256,)
✅ layer3.0.downsample.0.weight -> layer3.layers[0].downsample.layers[0].weight (256, 128, 1, 1)
✅ layer3.0.downsample.1.weight -> layer3.layers[0].downsample.layers[1].weight (256,)
✅ layer3.0.downsample.1.bias -> layer3.layers[0].downsample.layers[1].bias (256,)
✅ layer3.1.conv1.weight -> layer3.layers[1].conv1.weight (256, 256, 3, 3)
✅ layer3.1.bn1.weight -> layer3.layers[1].bn1.weight (256,)
✅ layer3.1.bn1.bias -> layer3.layers[1].bn1.bias (256,)
✅ layer3.1.conv2.weight -> layer3.layers[1].conv2.weight (256, 256, 3, 3)
✅ layer3.1.bn2.weight -> layer3.layers[1].bn2.weight (256,)
✅ layer3.1.bn2.bias -> layer3.layers[1].bn2.bias (256,)
✅ layer4.0.conv1.weight -> layer4.layers[0].conv1.weight (512, 256, 3, 3)
✅ layer4.0.bn1.weight -> layer4.layers[0].bn1.weight (512,)
✅ layer4.0.bn1.bias -> layer4.layers[0].bn1.bias (512,)
✅ layer4.0.conv2.weight -> layer4.layers[0].conv2.weight (512, 512, 3, 3)
✅ layer4.0.bn2.weight -> layer4.layers[0].bn2.weight (512,)
✅ layer4.0.bn2.bias -> layer4.layers[0].bn2.bias (512,)
✅ layer4.0.downsample.0.weight -> layer4.layers[0].downsample.layers[0].weight (512, 256, 1, 1)
✅ layer4.0.downsample.1.weight -> layer4.layers[0].downsample.layers[1].weight (512,)
✅ layer4.0.downsample.1.bias -> layer4.layers[0].downsample.layers[1].bias (512,)
✅ layer4.1.conv1.weight -> layer4.layers[1].conv1.weight (512, 512, 3, 3)
✅ layer4.1.bn1.weight -> layer4.layers[1].bn1.weight (512,)
✅ layer4.1.bn1.bias -> layer4.layers[1].bn1.bias (512,)
✅ layer4.1.conv2.weight -> layer4.layers[1].conv2.weight (512, 512, 3, 3)
✅ layer4.1.bn2.weight -> layer4.layers[1].bn2.weight (512,)
✅ layer4.1.bn2.bias -> layer4.layers[1].bn2.bias (512,)

=== Loading BatchNorm Running Statistics ===
✅ bn1.running_mean -> bn1.ema_state_index.init[0]
✅ bn1.running_var -> bn1.ema_state_index.init[1]
✅ layer1.0.bn1.running_mean -> layer1.layers[0].bn1.ema_state_index.init[0]
✅ layer1.0.bn1.running_var -> layer1.layers[0].bn1.ema_state_index.init[1]
✅ layer1.0.bn2.running_mean -> layer1.layers[0].bn2.ema_state_index.init[0]
✅ layer1.0.bn2.running_var -> layer1.layers[0].bn2.ema_state_index.init[1]
✅ layer1.1.bn1.running_mean -> layer1.layers[1].bn1.ema_state_index.init[0]
✅ layer1.1.bn1.running_var -> layer1.layers[1].bn1.ema_state_index.init[1]
✅ layer1.1.bn2.running_mean -> layer1.layers[1].bn2.ema_state_index.init[0]
✅ layer1.1.bn2.running_var -> layer1.layers[1].bn2.ema_state_index.init[1]
✅ layer2.0.bn1.running_mean -> layer2.layers[0].bn1.ema_state_index.init[0]
✅ layer2.0.bn1.running_var -> layer2.layers[0].bn1.ema_state_index.init[1]
✅ layer2.0.bn2.running_mean -> layer2.layers[0].bn2.ema_state_index.init[0]
✅ layer2.0.bn2.running_var -> layer2.layers[0].bn2.ema_state_index.init[1]
✅ layer2.0.downsample.1.running_mean -> layer2.layers[0].downsample.layers[1].ema_state_index.init[0]
✅ layer2.0.downsample.1.running_var -> layer2.layers[0].downsample.layers[1].ema_state_index.init[1]
✅ layer2.1.bn1.running_mean -> layer2.layers[1].bn1.ema_state_index.init[0]
✅ layer2.1.bn1.running_var -> layer2.layers[1].bn1.ema_state_index.init[1]
✅ layer2.1.bn2.running_mean -> layer2.layers[1].bn2.ema_state_index.init[0]
✅ layer2.1.bn2.running_var -> layer2.layers[1].bn2.ema_state_index.init[1]
✅ layer3.0.bn1.running_mean -> layer3.layers[0].bn1.ema_state_index.init[0]
✅ layer3.0.bn1.running_var -> layer3.layers[0].bn1.ema_state_index.init[1]
✅ layer3.0.bn2.running_mean -> layer3.layers[0].bn2.ema_state_index.init[0]
✅ layer3.0.bn2.running_var -> layer3.layers[0].bn2.ema_state_index.init[1]
✅ layer3.0.downsample.1.running_mean -> layer3.layers[0].downsample.layers[1].ema_state_index.init[0]
✅ layer3.0.downsample.1.running_var -> layer3.layers[0].downsample.layers[1].ema_state_index.init[1]
✅ layer3.1.bn1.running_mean -> layer3.layers[1].bn1.ema_state_index.init[0]
✅ layer3.1.bn1.running_var -> layer3.layers[1].bn1.ema_state_index.init[1]
✅ layer3.1.bn2.running_mean -> layer3.layers[1].bn2.ema_state_index.init[0]
✅ layer3.1.bn2.running_var -> layer3.layers[1].bn2.ema_state_index.init[1]
✅ layer4.0.bn1.running_mean -> layer4.layers[0].bn1.ema_state_index.init[0]
✅ layer4.0.bn1.running_var -> layer4.layers[0].bn1.ema_state_index.init[1]
✅ layer4.0.bn2.running_mean -> layer4.layers[0].bn2.ema_state_index.init[0]
✅ layer4.0.bn2.running_var -> layer4.layers[0].bn2.ema_state_index.init[1]
✅ layer4.0.downsample.1.running_mean -> layer4.layers[0].downsample.layers[1].ema_state_index.init[0]
✅ layer4.0.downsample.1.running_var -> layer4.layers[0].downsample.layers[1].ema_state_index.init[1]
✅ layer4.1.bn1.running_mean -> layer4.layers[1].bn1.ema_state_index.init[0]
✅ layer4.1.bn1.running_var -> layer4.layers[1].bn1.ema_state_index.init[1]
✅ layer4.1.bn2.running_mean -> layer4.layers[1].bn2.ema_state_index.init[0]
✅ layer4.1.bn2.running_var -> layer4.layers[1].bn2.ema_state_index.init[1]

=== Loading Results ===
✅ Trainable parameters loaded: 62
✅ BatchNorm statistics loaded: 40
❌ Failed loads: 0
=== Flexible Weight Loading ===
PyTorch trainable parameters: 62
✅ conv1.weight -> conv1.weight (64, 3, 7, 7)
✅ bn1.weight -> bn1.weight (64,)
✅ bn1.bias -> bn1.bias (64,)
✅ fc.weight -> fc.weight (1000, 512)
✅ fc.bias -> fc.bias (1000,)
✅ layer1.0.conv1.weight -> layer1.layers[0].conv1.weight (64, 64, 3, 3)
✅ layer1.0.bn1.weight -> layer1.layers[0].bn1.weight (64,)
✅ layer1.0.bn1.bias -> layer1.layers[0].bn1.bias (64,)
✅ layer1.0.conv2.weight -> layer1.layers[0].conv2.weight (64, 64, 3, 3)
✅ layer1.0.bn2.weight -> layer1.layers[0].bn2.weight (64,)
✅ layer1.0.bn2.bias -> layer1.layers[0].bn2.bias (64,)
✅ layer1.1.conv1.weight -> layer1.layers[1].conv1.weight (64, 64, 3, 3)
✅ layer1.1.bn1.weight -> layer1.layers[1].bn1.weight (64,)
✅ layer1.1.bn1.bias -> layer1.layers[1].bn1.bias (64,)
✅ layer1.1.conv2.weight -> layer1.layers[1].conv2.weight (64, 64, 3, 3)
✅ layer1.1.bn2.weight -> layer1.layers[1].bn2.weight (64,)
✅ layer1.1.bn2.bias -> layer1.layers[1].bn2.bias (64,)
✅ layer2.0.conv1.weight -> layer2.layers[0].conv1.weight (128, 64, 3, 3)
✅ layer2.0.bn1.weight -> layer2.layers[0].bn1.weight (128,)
✅ layer2.0.bn1.bias -> layer2.layers[0].bn1.bias (128,)
✅ layer2.0.conv2.weight -> layer2.layers[0].conv2.weight (128, 128, 3, 3)
✅ layer2.0.bn2.weight -> layer2.layers[0].bn2.weight (128,)
✅ layer2.0.bn2.bias -> layer2.layers[0].bn2.bias (128,)
✅ layer2.0.downsample.0.weight -> layer2.layers[0].downsample.layers[0].weight (128, 64, 1, 1)
✅ layer2.0.downsample.1.weight -> layer2.layers[0].downsample.layers[1].weight (128,)
✅ layer2.0.downsample.1.bias -> layer2.layers[0].downsample.layers[1].bias (128,)
✅ layer2.1.conv1.weight -> layer2.layers[1].conv1.weight (128, 128, 3, 3)
✅ layer2.1.bn1.weight -> layer2.layers[1].bn1.weight (128,)
✅ layer2.1.bn1.bias -> layer2.layers[1].bn1.bias (128,)
✅ layer2.1.conv2.weight -> layer2.layers[1].conv2.weight (128, 128, 3, 3)
✅ layer2.1.bn2.weight -> layer2.layers[1].bn2.weight (128,)
✅ layer2.1.bn2.bias -> layer2.layers[1].bn2.bias (128,)
✅ layer3.0.conv1.weight -> layer3.layers[0].conv1.weight (256, 128, 3, 3)
✅ layer3.0.bn1.weight -> layer3.layers[0].bn1.weight (256,)
✅ layer3.0.bn1.bias -> layer3.layers[0].bn1.bias (256,)
✅ layer3.0.conv2.weight -> layer3.layers[0].conv2.weight (256, 256, 3, 3)
✅ layer3.0.bn2.weight -> layer3.layers[0].bn2.weight (256,)
✅ layer3.0.bn2.bias -> layer3.layers[0].bn2.bias (256,)
✅ layer3.0.downsample.0.weight -> layer3.layers[0].downsample.layers[0].weight (256, 128, 1, 1)
✅ layer3.0.downsample.1.weight -> layer3.layers[0].downsample.layers[1].weight (256,)
✅ layer3.0.downsample.1.bias -> layer3.layers[0].downsample.layers[1].bias (256,)
✅ layer3.1.conv1.weight -> layer3.layers[1].conv1.weight (256, 256, 3, 3)
✅ layer3.1.bn1.weight -> layer3.layers[1].bn1.weight (256,)
✅ layer3.1.bn1.bias -> layer3.layers[1].bn1.bias (256,)
✅ layer3.1.conv2.weight -> layer3.layers[1].conv2.weight (256, 256, 3, 3)
✅ layer3.1.bn2.weight -> layer3.layers[1].bn2.weight (256,)
✅ layer3.1.bn2.bias -> layer3.layers[1].bn2.bias (256,)
✅ layer4.0.conv1.weight -> layer4.layers[0].conv1.weight (512, 256, 3, 3)
✅ layer4.0.bn1.weight -> layer4.layers[0].bn1.weight (512,)
✅ layer4.0.bn1.bias -> layer4.layers[0].bn1.bias (512,)
✅ layer4.0.conv2.weight -> layer4.layers[0].conv2.weight (512, 512, 3, 3)
✅ layer4.0.bn2.weight -> layer4.layers[0].bn2.weight (512,)
✅ layer4.0.bn2.bias -> layer4.layers[0].bn2.bias (512,)
✅ layer4.0.downsample.0.weight -> layer4.layers[0].downsample.layers[0].weight (512, 256, 1, 1)
✅ layer4.0.downsample.1.weight -> layer4.layers[0].downsample.layers[1].weight (512,)
✅ layer4.0.downsample.1.bias -> layer4.layers[0].downsample.layers[1].bias (512,)
✅ layer4.1.conv1.weight -> layer4.layers[1].conv1.weight (512, 512, 3, 3)
✅ layer4.1.bn1.weight -> layer4.layers[1].bn1.weight (512,)
✅ layer4.1.bn1.bias -> layer4.layers[1].bn1.bias (512,)
✅ layer4.1.conv2.weight -> layer4.layers[1].conv2.weight (512, 512, 3, 3)
✅ layer4.1.bn2.weight -> layer4.layers[1].bn2.weight (512,)
✅ layer4.1.bn2.bias -> layer4.layers[1].bn2.bias (512,)

=== Loading BatchNorm Running Statistics ===
✅ bn1.running_mean -> bn1.ema_state_index.init[0]
✅ bn1.running_var -> bn1.ema_state_index.init[1]
✅ layer1.0.bn1.running_mean -> layer1.layers[0].bn1.ema_state_index.init[0]
✅ layer1.0.bn1.running_var -> layer1.layers[0].bn1.ema_state_index.init[1]
✅ layer1.0.bn2.running_mean -> layer1.layers[0].bn2.ema_state_index.init[0]
✅ layer1.0.bn2.running_var -> layer1.layers[0].bn2.ema_state_index.init[1]
✅ layer1.1.bn1.running_mean -> layer1.layers[1].bn1.ema_state_index.init[0]
✅ layer1.1.bn1.running_var -> layer1.layers[1].bn1.ema_state_index.init[1]
✅ layer1.1.bn2.running_mean -> layer1.layers[1].bn2.ema_state_index.init[0]
✅ layer1.1.bn2.running_var -> layer1.layers[1].bn2.ema_state_index.init[1]
✅ layer2.0.bn1.running_mean -> layer2.layers[0].bn1.ema_state_index.init[0]
✅ layer2.0.bn1.running_var -> layer2.layers[0].bn1.ema_state_index.init[1]
✅ layer2.0.bn2.running_mean -> layer2.layers[0].bn2.ema_state_index.init[0]
✅ layer2.0.bn2.running_var -> layer2.layers[0].bn2.ema_state_index.init[1]
✅ layer2.0.downsample.1.running_mean -> layer2.layers[0].downsample.layers[1].ema_state_index.init[0]
✅ layer2.0.downsample.1.running_var -> layer2.layers[0].downsample.layers[1].ema_state_index.init[1]
✅ layer2.1.bn1.running_mean -> layer2.layers[1].bn1.ema_state_index.init[0]
✅ layer2.1.bn1.running_var -> layer2.layers[1].bn1.ema_state_index.init[1]
✅ layer2.1.bn2.running_mean -> layer2.layers[1].bn2.ema_state_index.init[0]
✅ layer2.1.bn2.running_var -> layer2.layers[1].bn2.ema_state_index.init[1]
✅ layer3.0.bn1.running_mean -> layer3.layers[0].bn1.ema_state_index.init[0]
✅ layer3.0.bn1.running_var -> layer3.layers[0].bn1.ema_state_index.init[1]
✅ layer3.0.bn2.running_mean -> layer3.layers[0].bn2.ema_state_index.init[0]
✅ layer3.0.bn2.running_var -> layer3.layers[0].bn2.ema_state_index.init[1]
✅ layer3.0.downsample.1.running_mean -> layer3.layers[0].downsample.layers[1].ema_state_index.init[0]
✅ layer3.0.downsample.1.running_var -> layer3.layers[0].downsample.layers[1].ema_state_index.init[1]
✅ layer3.1.bn1.running_mean -> layer3.layers[1].bn1.ema_state_index.init[0]
✅ layer3.1.bn1.running_var -> layer3.layers[1].bn1.ema_state_index.init[1]
✅ layer3.1.bn2.running_mean -> layer3.layers[1].bn2.ema_state_index.init[0]
✅ layer3.1.bn2.running_var -> layer3.layers[1].bn2.ema_state_index.init[1]
✅ layer4.0.bn1.running_mean -> layer4.layers[0].bn1.ema_state_index.init[0]
✅ layer4.0.bn1.running_var -> layer4.layers[0].bn1.ema_state_index.init[1]
✅ layer4.0.bn2.running_mean -> layer4.layers[0].bn2.ema_state_index.init[0]
✅ layer4.0.bn2.running_var -> layer4.layers[0].bn2.ema_state_index.init[1]
✅ layer4.0.downsample.1.running_mean -> layer4.layers[0].downsample.layers[1].ema_state_index.init[0]
✅ layer4.0.downsample.1.running_var -> layer4.layers[0].downsample.layers[1].ema_state_index.init[1]
✅ layer4.1.bn1.running_mean -> layer4.layers[1].bn1.ema_state_index.init[0]
✅ layer4.1.bn1.running_var -> layer4.layers[1].bn1.ema_state_index.init[1]
✅ layer4.1.bn2.running_mean -> layer4.layers[1].bn2.ema_state_index.init[0]
✅ layer4.1.bn2.running_var -> layer4.layers[1].bn2.ema_state_index.init[1]

=== Loading Results ===
✅ Trainable parameters loaded: 62
✅ BatchNorm statistics loaded: 40
❌ Failed loads: 0
Checkpoint loaded from /data/user_data/saksham3/double_insert_rl_checkpoints/td-n_n60_reward_typeneg_lr0.0001_seed3/checkpoint_step_20000.eqx (step: 20000)
Normalization function: <function normalize_zscore at 0x152d5c628ea0>
Using regular network for value function
Pre-compiling 3 augmentation chains with vmap...
Camera 0: Compiled JIT + vmap augmentation chain
Camera 1: Compiled JIT + vmap augmentation chain
Camera 2: Compiled JIT + vmap augmentation chain
Successfully pre-compiled all 3 augmentation chains
Value function and augmentation agent initialized
Computing value function...
Computed 3039 values
Generating video frames...
Saving MP4 video to videos_neg/sim_double_insert_0226_hdf5_0.mp4...
Video saved successfully to videos_neg/sim_double_insert_0226_hdf5_0.mp4
Logging GIF video to wandb...
GIF video logged successfully to wandb.
Wandb run finished.
Completed visualization for sim_double_insert_0226_hdf5 with VF2
Processing dataset 2/5: sim_double_insert_round2_0522_hdf5
Wandb run initiated with name: sim_double_insert_round2_0522_hdf5_0
Decoding images...
Loading value function from /data/user_data/saksham3/double_insert_rl_checkpoints/td-n_n60_reward_typeneg_lr0.0001_seed3/checkpoint_step_20000.eqx...
=== Flexible Weight Loading ===
PyTorch trainable parameters: 62
✅ conv1.weight -> conv1.weight (64, 3, 7, 7)
✅ bn1.weight -> bn1.weight (64,)
✅ bn1.bias -> bn1.bias (64,)
✅ fc.weight -> fc.weight (1000, 512)
✅ fc.bias -> fc.bias (1000,)
✅ layer1.0.conv1.weight -> layer1.layers[0].conv1.weight (64, 64, 3, 3)
✅ layer1.0.bn1.weight -> layer1.layers[0].bn1.weight (64,)
✅ layer1.0.bn1.bias -> layer1.layers[0].bn1.bias (64,)
✅ layer1.0.conv2.weight -> layer1.layers[0].conv2.weight (64, 64, 3, 3)
✅ layer1.0.bn2.weight -> layer1.layers[0].bn2.weight (64,)
✅ layer1.0.bn2.bias -> layer1.layers[0].bn2.bias (64,)
✅ layer1.1.conv1.weight -> layer1.layers[1].conv1.weight (64, 64, 3, 3)
✅ layer1.1.bn1.weight -> layer1.layers[1].bn1.weight (64,)
✅ layer1.1.bn1.bias -> layer1.layers[1].bn1.bias (64,)
✅ layer1.1.conv2.weight -> layer1.layers[1].conv2.weight (64, 64, 3, 3)
✅ layer1.1.bn2.weight -> layer1.layers[1].bn2.weight (64,)
✅ layer1.1.bn2.bias -> layer1.layers[1].bn2.bias (64,)
✅ layer2.0.conv1.weight -> layer2.layers[0].conv1.weight (128, 64, 3, 3)
✅ layer2.0.bn1.weight -> layer2.layers[0].bn1.weight (128,)
✅ layer2.0.bn1.bias -> layer2.layers[0].bn1.bias (128,)
✅ layer2.0.conv2.weight -> layer2.layers[0].conv2.weight (128, 128, 3, 3)
✅ layer2.0.bn2.weight -> layer2.layers[0].bn2.weight (128,)
✅ layer2.0.bn2.bias -> layer2.layers[0].bn2.bias (128,)
✅ layer2.0.downsample.0.weight -> layer2.layers[0].downsample.layers[0].weight (128, 64, 1, 1)
✅ layer2.0.downsample.1.weight -> layer2.layers[0].downsample.layers[1].weight (128,)
✅ layer2.0.downsample.1.bias -> layer2.layers[0].downsample.layers[1].bias (128,)
✅ layer2.1.conv1.weight -> layer2.layers[1].conv1.weight (128, 128, 3, 3)
✅ layer2.1.bn1.weight -> layer2.layers[1].bn1.weight (128,)
✅ layer2.1.bn1.bias -> layer2.layers[1].bn1.bias (128,)
✅ layer2.1.conv2.weight -> layer2.layers[1].conv2.weight (128, 128, 3, 3)
✅ layer2.1.bn2.weight -> layer2.layers[1].bn2.weight (128,)
✅ layer2.1.bn2.bias -> layer2.layers[1].bn2.bias (128,)
✅ layer3.0.conv1.weight -> layer3.layers[0].conv1.weight (256, 128, 3, 3)
✅ layer3.0.bn1.weight -> layer3.layers[0].bn1.weight (256,)
✅ layer3.0.bn1.bias -> layer3.layers[0].bn1.bias (256,)
✅ layer3.0.conv2.weight -> layer3.layers[0].conv2.weight (256, 256, 3, 3)
✅ layer3.0.bn2.weight -> layer3.layers[0].bn2.weight (256,)
✅ layer3.0.bn2.bias -> layer3.layers[0].bn2.bias (256,)
✅ layer3.0.downsample.0.weight -> layer3.layers[0].downsample.layers[0].weight (256, 128, 1, 1)
✅ layer3.0.downsample.1.weight -> layer3.layers[0].downsample.layers[1].weight (256,)
✅ layer3.0.downsample.1.bias -> layer3.layers[0].downsample.layers[1].bias (256,)
✅ layer3.1.conv1.weight -> layer3.layers[1].conv1.weight (256, 256, 3, 3)
✅ layer3.1.bn1.weight -> layer3.layers[1].bn1.weight (256,)
✅ layer3.1.bn1.bias -> layer3.layers[1].bn1.bias (256,)
✅ layer3.1.conv2.weight -> layer3.layers[1].conv2.weight (256, 256, 3, 3)
✅ layer3.1.bn2.weight -> layer3.layers[1].bn2.weight (256,)
✅ layer3.1.bn2.bias -> layer3.layers[1].bn2.bias (256,)
✅ layer4.0.conv1.weight -> layer4.layers[0].conv1.weight (512, 256, 3, 3)
✅ layer4.0.bn1.weight -> layer4.layers[0].bn1.weight (512,)
✅ layer4.0.bn1.bias -> layer4.layers[0].bn1.bias (512,)
✅ layer4.0.conv2.weight -> layer4.layers[0].conv2.weight (512, 512, 3, 3)
✅ layer4.0.bn2.weight -> layer4.layers[0].bn2.weight (512,)
✅ layer4.0.bn2.bias -> layer4.layers[0].bn2.bias (512,)
✅ layer4.0.downsample.0.weight -> layer4.layers[0].downsample.layers[0].weight (512, 256, 1, 1)
✅ layer4.0.downsample.1.weight -> layer4.layers[0].downsample.layers[1].weight (512,)
✅ layer4.0.downsample.1.bias -> layer4.layers[0].downsample.layers[1].bias (512,)
✅ layer4.1.conv1.weight -> layer4.layers[1].conv1.weight (512, 512, 3, 3)
✅ layer4.1.bn1.weight -> layer4.layers[1].bn1.weight (512,)
✅ layer4.1.bn1.bias -> layer4.layers[1].bn1.bias (512,)
✅ layer4.1.conv2.weight -> layer4.layers[1].conv2.weight (512, 512, 3, 3)
✅ layer4.1.bn2.weight -> layer4.layers[1].bn2.weight (512,)
✅ layer4.1.bn2.bias -> layer4.layers[1].bn2.bias (512,)

=== Loading BatchNorm Running Statistics ===
✅ bn1.running_mean -> bn1.ema_state_index.init[0]
✅ bn1.running_var -> bn1.ema_state_index.init[1]
✅ layer1.0.bn1.running_mean -> layer1.layers[0].bn1.ema_state_index.init[0]
✅ layer1.0.bn1.running_var -> layer1.layers[0].bn1.ema_state_index.init[1]
✅ layer1.0.bn2.running_mean -> layer1.layers[0].bn2.ema_state_index.init[0]
✅ layer1.0.bn2.running_var -> layer1.layers[0].bn2.ema_state_index.init[1]
✅ layer1.1.bn1.running_mean -> layer1.layers[1].bn1.ema_state_index.init[0]
✅ layer1.1.bn1.running_var -> layer1.layers[1].bn1.ema_state_index.init[1]
✅ layer1.1.bn2.running_mean -> layer1.layers[1].bn2.ema_state_index.init[0]
✅ layer1.1.bn2.running_var -> layer1.layers[1].bn2.ema_state_index.init[1]
✅ layer2.0.bn1.running_mean -> layer2.layers[0].bn1.ema_state_index.init[0]
✅ layer2.0.bn1.running_var -> layer2.layers[0].bn1.ema_state_index.init[1]
✅ layer2.0.bn2.running_mean -> layer2.layers[0].bn2.ema_state_index.init[0]
✅ layer2.0.bn2.running_var -> layer2.layers[0].bn2.ema_state_index.init[1]
✅ layer2.0.downsample.1.running_mean -> layer2.layers[0].downsample.layers[1].ema_state_index.init[0]
✅ layer2.0.downsample.1.running_var -> layer2.layers[0].downsample.layers[1].ema_state_index.init[1]
✅ layer2.1.bn1.running_mean -> layer2.layers[1].bn1.ema_state_index.init[0]
✅ layer2.1.bn1.running_var -> layer2.layers[1].bn1.ema_state_index.init[1]
✅ layer2.1.bn2.running_mean -> layer2.layers[1].bn2.ema_state_index.init[0]
✅ layer2.1.bn2.running_var -> layer2.layers[1].bn2.ema_state_index.init[1]
✅ layer3.0.bn1.running_mean -> layer3.layers[0].bn1.ema_state_index.init[0]
✅ layer3.0.bn1.running_var -> layer3.layers[0].bn1.ema_state_index.init[1]
✅ layer3.0.bn2.running_mean -> layer3.layers[0].bn2.ema_state_index.init[0]
✅ layer3.0.bn2.running_var -> layer3.layers[0].bn2.ema_state_index.init[1]
✅ layer3.0.downsample.1.running_mean -> layer3.layers[0].downsample.layers[1].ema_state_index.init[0]
✅ layer3.0.downsample.1.running_var -> layer3.layers[0].downsample.layers[1].ema_state_index.init[1]
✅ layer3.1.bn1.running_mean -> layer3.layers[1].bn1.ema_state_index.init[0]
✅ layer3.1.bn1.running_var -> layer3.layers[1].bn1.ema_state_index.init[1]
✅ layer3.1.bn2.running_mean -> layer3.layers[1].bn2.ema_state_index.init[0]
✅ layer3.1.bn2.running_var -> layer3.layers[1].bn2.ema_state_index.init[1]
✅ layer4.0.bn1.running_mean -> layer4.layers[0].bn1.ema_state_index.init[0]
✅ layer4.0.bn1.running_var -> layer4.layers[0].bn1.ema_state_index.init[1]
✅ layer4.0.bn2.running_mean -> layer4.layers[0].bn2.ema_state_index.init[0]
✅ layer4.0.bn2.running_var -> layer4.layers[0].bn2.ema_state_index.init[1]
✅ layer4.0.downsample.1.running_mean -> layer4.layers[0].downsample.layers[1].ema_state_index.init[0]
✅ layer4.0.downsample.1.running_var -> layer4.layers[0].downsample.layers[1].ema_state_index.init[1]
✅ layer4.1.bn1.running_mean -> layer4.layers[1].bn1.ema_state_index.init[0]
✅ layer4.1.bn1.running_var -> layer4.layers[1].bn1.ema_state_index.init[1]
✅ layer4.1.bn2.running_mean -> layer4.layers[1].bn2.ema_state_index.init[0]
✅ layer4.1.bn2.running_var -> layer4.layers[1].bn2.ema_state_index.init[1]

=== Loading Results ===
✅ Trainable parameters loaded: 62
✅ BatchNorm statistics loaded: 40
❌ Failed loads: 0
=== Flexible Weight Loading ===
PyTorch trainable parameters: 62
✅ conv1.weight -> conv1.weight (64, 3, 7, 7)
✅ bn1.weight -> bn1.weight (64,)
✅ bn1.bias -> bn1.bias (64,)
✅ fc.weight -> fc.weight (1000, 512)
✅ fc.bias -> fc.bias (1000,)
✅ layer1.0.conv1.weight -> layer1.layers[0].conv1.weight (64, 64, 3, 3)
✅ layer1.0.bn1.weight -> layer1.layers[0].bn1.weight (64,)
✅ layer1.0.bn1.bias -> layer1.layers[0].bn1.bias (64,)
✅ layer1.0.conv2.weight -> layer1.layers[0].conv2.weight (64, 64, 3, 3)
✅ layer1.0.bn2.weight -> layer1.layers[0].bn2.weight (64,)
✅ layer1.0.bn2.bias -> layer1.layers[0].bn2.bias (64,)
✅ layer1.1.conv1.weight -> layer1.layers[1].conv1.weight (64, 64, 3, 3)
✅ layer1.1.bn1.weight -> layer1.layers[1].bn1.weight (64,)
✅ layer1.1.bn1.bias -> layer1.layers[1].bn1.bias (64,)
✅ layer1.1.conv2.weight -> layer1.layers[1].conv2.weight (64, 64, 3, 3)
✅ layer1.1.bn2.weight -> layer1.layers[1].bn2.weight (64,)
✅ layer1.1.bn2.bias -> layer1.layers[1].bn2.bias (64,)
✅ layer2.0.conv1.weight -> layer2.layers[0].conv1.weight (128, 64, 3, 3)
✅ layer2.0.bn1.weight -> layer2.layers[0].bn1.weight (128,)
✅ layer2.0.bn1.bias -> layer2.layers[0].bn1.bias (128,)
✅ layer2.0.conv2.weight -> layer2.layers[0].conv2.weight (128, 128, 3, 3)
✅ layer2.0.bn2.weight -> layer2.layers[0].bn2.weight (128,)
✅ layer2.0.bn2.bias -> layer2.layers[0].bn2.bias (128,)
✅ layer2.0.downsample.0.weight -> layer2.layers[0].downsample.layers[0].weight (128, 64, 1, 1)
✅ layer2.0.downsample.1.weight -> layer2.layers[0].downsample.layers[1].weight (128,)
✅ layer2.0.downsample.1.bias -> layer2.layers[0].downsample.layers[1].bias (128,)
✅ layer2.1.conv1.weight -> layer2.layers[1].conv1.weight (128, 128, 3, 3)
✅ layer2.1.bn1.weight -> layer2.layers[1].bn1.weight (128,)
✅ layer2.1.bn1.bias -> layer2.layers[1].bn1.bias (128,)
✅ layer2.1.conv2.weight -> layer2.layers[1].conv2.weight (128, 128, 3, 3)
✅ layer2.1.bn2.weight -> layer2.layers[1].bn2.weight (128,)
✅ layer2.1.bn2.bias -> layer2.layers[1].bn2.bias (128,)
✅ layer3.0.conv1.weight -> layer3.layers[0].conv1.weight (256, 128, 3, 3)
✅ layer3.0.bn1.weight -> layer3.layers[0].bn1.weight (256,)
✅ layer3.0.bn1.bias -> layer3.layers[0].bn1.bias (256,)
✅ layer3.0.conv2.weight -> layer3.layers[0].conv2.weight (256, 256, 3, 3)
✅ layer3.0.bn2.weight -> layer3.layers[0].bn2.weight (256,)
✅ layer3.0.bn2.bias -> layer3.layers[0].bn2.bias (256,)
✅ layer3.0.downsample.0.weight -> layer3.layers[0].downsample.layers[0].weight (256, 128, 1, 1)
✅ layer3.0.downsample.1.weight -> layer3.layers[0].downsample.layers[1].weight (256,)
✅ layer3.0.downsample.1.bias -> layer3.layers[0].downsample.layers[1].bias (256,)
✅ layer3.1.conv1.weight -> layer3.layers[1].conv1.weight (256, 256, 3, 3)
✅ layer3.1.bn1.weight -> layer3.layers[1].bn1.weight (256,)
✅ layer3.1.bn1.bias -> layer3.layers[1].bn1.bias (256,)
✅ layer3.1.conv2.weight -> layer3.layers[1].conv2.weight (256, 256, 3, 3)
✅ layer3.1.bn2.weight -> layer3.layers[1].bn2.weight (256,)
✅ layer3.1.bn2.bias -> layer3.layers[1].bn2.bias (256,)
✅ layer4.0.conv1.weight -> layer4.layers[0].conv1.weight (512, 256, 3, 3)
✅ layer4.0.bn1.weight -> layer4.layers[0].bn1.weight (512,)
✅ layer4.0.bn1.bias -> layer4.layers[0].bn1.bias (512,)
✅ layer4.0.conv2.weight -> layer4.layers[0].conv2.weight (512, 512, 3, 3)
✅ layer4.0.bn2.weight -> layer4.layers[0].bn2.weight (512,)
✅ layer4.0.bn2.bias -> layer4.layers[0].bn2.bias (512,)
✅ layer4.0.downsample.0.weight -> layer4.layers[0].downsample.layers[0].weight (512, 256, 1, 1)
✅ layer4.0.downsample.1.weight -> layer4.layers[0].downsample.layers[1].weight (512,)
✅ layer4.0.downsample.1.bias -> layer4.layers[0].downsample.layers[1].bias (512,)
✅ layer4.1.conv1.weight -> layer4.layers[1].conv1.weight (512, 512, 3, 3)
✅ layer4.1.bn1.weight -> layer4.layers[1].bn1.weight (512,)
✅ layer4.1.bn1.bias -> layer4.layers[1].bn1.bias (512,)
✅ layer4.1.conv2.weight -> layer4.layers[1].conv2.weight (512, 512, 3, 3)
✅ layer4.1.bn2.weight -> layer4.layers[1].bn2.weight (512,)
✅ layer4.1.bn2.bias -> layer4.layers[1].bn2.bias (512,)

=== Loading BatchNorm Running Statistics ===
✅ bn1.running_mean -> bn1.ema_state_index.init[0]
✅ bn1.running_var -> bn1.ema_state_index.init[1]
✅ layer1.0.bn1.running_mean -> layer1.layers[0].bn1.ema_state_index.init[0]
✅ layer1.0.bn1.running_var -> layer1.layers[0].bn1.ema_state_index.init[1]
✅ layer1.0.bn2.running_mean -> layer1.layers[0].bn2.ema_state_index.init[0]
✅ layer1.0.bn2.running_var -> layer1.layers[0].bn2.ema_state_index.init[1]
✅ layer1.1.bn1.running_mean -> layer1.layers[1].bn1.ema_state_index.init[0]
✅ layer1.1.bn1.running_var -> layer1.layers[1].bn1.ema_state_index.init[1]
✅ layer1.1.bn2.running_mean -> layer1.layers[1].bn2.ema_state_index.init[0]
✅ layer1.1.bn2.running_var -> layer1.layers[1].bn2.ema_state_index.init[1]
✅ layer2.0.bn1.running_mean -> layer2.layers[0].bn1.ema_state_index.init[0]
✅ layer2.0.bn1.running_var -> layer2.layers[0].bn1.ema_state_index.init[1]
✅ layer2.0.bn2.running_mean -> layer2.layers[0].bn2.ema_state_index.init[0]
✅ layer2.0.bn2.running_var -> layer2.layers[0].bn2.ema_state_index.init[1]
✅ layer2.0.downsample.1.running_mean -> layer2.layers[0].downsample.layers[1].ema_state_index.init[0]
✅ layer2.0.downsample.1.running_var -> layer2.layers[0].downsample.layers[1].ema_state_index.init[1]
✅ layer2.1.bn1.running_mean -> layer2.layers[1].bn1.ema_state_index.init[0]
✅ layer2.1.bn1.running_var -> layer2.layers[1].bn1.ema_state_index.init[1]
✅ layer2.1.bn2.running_mean -> layer2.layers[1].bn2.ema_state_index.init[0]
✅ layer2.1.bn2.running_var -> layer2.layers[1].bn2.ema_state_index.init[1]
✅ layer3.0.bn1.running_mean -> layer3.layers[0].bn1.ema_state_index.init[0]
✅ layer3.0.bn1.running_var -> layer3.layers[0].bn1.ema_state_index.init[1]
✅ layer3.0.bn2.running_mean -> layer3.layers[0].bn2.ema_state_index.init[0]
✅ layer3.0.bn2.running_var -> layer3.layers[0].bn2.ema_state_index.init[1]
✅ layer3.0.downsample.1.running_mean -> layer3.layers[0].downsample.layers[1].ema_state_index.init[0]
✅ layer3.0.downsample.1.running_var -> layer3.layers[0].downsample.layers[1].ema_state_index.init[1]
✅ layer3.1.bn1.running_mean -> layer3.layers[1].bn1.ema_state_index.init[0]
✅ layer3.1.bn1.running_var -> layer3.layers[1].bn1.ema_state_index.init[1]
✅ layer3.1.bn2.running_mean -> layer3.layers[1].bn2.ema_state_index.init[0]
✅ layer3.1.bn2.running_var -> layer3.layers[1].bn2.ema_state_index.init[1]
✅ layer4.0.bn1.running_mean -> layer4.layers[0].bn1.ema_state_index.init[0]
✅ layer4.0.bn1.running_var -> layer4.layers[0].bn1.ema_state_index.init[1]
✅ layer4.0.bn2.running_mean -> layer4.layers[0].bn2.ema_state_index.init[0]
✅ layer4.0.bn2.running_var -> layer4.layers[0].bn2.ema_state_index.init[1]
✅ layer4.0.downsample.1.running_mean -> layer4.layers[0].downsample.layers[1].ema_state_index.init[0]
✅ layer4.0.downsample.1.running_var -> layer4.layers[0].downsample.layers[1].ema_state_index.init[1]
✅ layer4.1.bn1.running_mean -> layer4.layers[1].bn1.ema_state_index.init[0]
✅ layer4.1.bn1.running_var -> layer4.layers[1].bn1.ema_state_index.init[1]
✅ layer4.1.bn2.running_mean -> layer4.layers[1].bn2.ema_state_index.init[0]
✅ layer4.1.bn2.running_var -> layer4.layers[1].bn2.ema_state_index.init[1]

=== Loading Results ===
✅ Trainable parameters loaded: 62
✅ BatchNorm statistics loaded: 40
❌ Failed loads: 0
=== Flexible Weight Loading ===
PyTorch trainable parameters: 62
✅ conv1.weight -> conv1.weight (64, 3, 7, 7)
✅ bn1.weight -> bn1.weight (64,)
✅ bn1.bias -> bn1.bias (64,)
✅ fc.weight -> fc.weight (1000, 512)
✅ fc.bias -> fc.bias (1000,)
✅ layer1.0.conv1.weight -> layer1.layers[0].conv1.weight (64, 64, 3, 3)
✅ layer1.0.bn1.weight -> layer1.layers[0].bn1.weight (64,)
✅ layer1.0.bn1.bias -> layer1.layers[0].bn1.bias (64,)
✅ layer1.0.conv2.weight -> layer1.layers[0].conv2.weight (64, 64, 3, 3)
✅ layer1.0.bn2.weight -> layer1.layers[0].bn2.weight (64,)
✅ layer1.0.bn2.bias -> layer1.layers[0].bn2.bias (64,)
✅ layer1.1.conv1.weight -> layer1.layers[1].conv1.weight (64, 64, 3, 3)
✅ layer1.1.bn1.weight -> layer1.layers[1].bn1.weight (64,)
✅ layer1.1.bn1.bias -> layer1.layers[1].bn1.bias (64,)
✅ layer1.1.conv2.weight -> layer1.layers[1].conv2.weight (64, 64, 3, 3)
✅ layer1.1.bn2.weight -> layer1.layers[1].bn2.weight (64,)
✅ layer1.1.bn2.bias -> layer1.layers[1].bn2.bias (64,)
✅ layer2.0.conv1.weight -> layer2.layers[0].conv1.weight (128, 64, 3, 3)
✅ layer2.0.bn1.weight -> layer2.layers[0].bn1.weight (128,)
✅ layer2.0.bn1.bias -> layer2.layers[0].bn1.bias (128,)
✅ layer2.0.conv2.weight -> layer2.layers[0].conv2.weight (128, 128, 3, 3)
✅ layer2.0.bn2.weight -> layer2.layers[0].bn2.weight (128,)
✅ layer2.0.bn2.bias -> layer2.layers[0].bn2.bias (128,)
✅ layer2.0.downsample.0.weight -> layer2.layers[0].downsample.layers[0].weight (128, 64, 1, 1)
✅ layer2.0.downsample.1.weight -> layer2.layers[0].downsample.layers[1].weight (128,)
✅ layer2.0.downsample.1.bias -> layer2.layers[0].downsample.layers[1].bias (128,)
✅ layer2.1.conv1.weight -> layer2.layers[1].conv1.weight (128, 128, 3, 3)
✅ layer2.1.bn1.weight -> layer2.layers[1].bn1.weight (128,)
✅ layer2.1.bn1.bias -> layer2.layers[1].bn1.bias (128,)
✅ layer2.1.conv2.weight -> layer2.layers[1].conv2.weight (128, 128, 3, 3)
✅ layer2.1.bn2.weight -> layer2.layers[1].bn2.weight (128,)
✅ layer2.1.bn2.bias -> layer2.layers[1].bn2.bias (128,)
✅ layer3.0.conv1.weight -> layer3.layers[0].conv1.weight (256, 128, 3, 3)
✅ layer3.0.bn1.weight -> layer3.layers[0].bn1.weight (256,)
✅ layer3.0.bn1.bias -> layer3.layers[0].bn1.bias (256,)
✅ layer3.0.conv2.weight -> layer3.layers[0].conv2.weight (256, 256, 3, 3)
✅ layer3.0.bn2.weight -> layer3.layers[0].bn2.weight (256,)
✅ layer3.0.bn2.bias -> layer3.layers[0].bn2.bias (256,)
✅ layer3.0.downsample.0.weight -> layer3.layers[0].downsample.layers[0].weight (256, 128, 1, 1)
✅ layer3.0.downsample.1.weight -> layer3.layers[0].downsample.layers[1].weight (256,)
✅ layer3.0.downsample.1.bias -> layer3.layers[0].downsample.layers[1].bias (256,)
✅ layer3.1.conv1.weight -> layer3.layers[1].conv1.weight (256, 256, 3, 3)
✅ layer3.1.bn1.weight -> layer3.layers[1].bn1.weight (256,)
✅ layer3.1.bn1.bias -> layer3.layers[1].bn1.bias (256,)
✅ layer3.1.conv2.weight -> layer3.layers[1].conv2.weight (256, 256, 3, 3)
✅ layer3.1.bn2.weight -> layer3.layers[1].bn2.weight (256,)
✅ layer3.1.bn2.bias -> layer3.layers[1].bn2.bias (256,)
✅ layer4.0.conv1.weight -> layer4.layers[0].conv1.weight (512, 256, 3, 3)
✅ layer4.0.bn1.weight -> layer4.layers[0].bn1.weight (512,)
✅ layer4.0.bn1.bias -> layer4.layers[0].bn1.bias (512,)
✅ layer4.0.conv2.weight -> layer4.layers[0].conv2.weight (512, 512, 3, 3)
✅ layer4.0.bn2.weight -> layer4.layers[0].bn2.weight (512,)
✅ layer4.0.bn2.bias -> layer4.layers[0].bn2.bias (512,)
✅ layer4.0.downsample.0.weight -> layer4.layers[0].downsample.layers[0].weight (512, 256, 1, 1)
✅ layer4.0.downsample.1.weight -> layer4.layers[0].downsample.layers[1].weight (512,)
✅ layer4.0.downsample.1.bias -> layer4.layers[0].downsample.layers[1].bias (512,)
✅ layer4.1.conv1.weight -> layer4.layers[1].conv1.weight (512, 512, 3, 3)
✅ layer4.1.bn1.weight -> layer4.layers[1].bn1.weight (512,)
✅ layer4.1.bn1.bias -> layer4.layers[1].bn1.bias (512,)
✅ layer4.1.conv2.weight -> layer4.layers[1].conv2.weight (512, 512, 3, 3)
✅ layer4.1.bn2.weight -> layer4.layers[1].bn2.weight (512,)
✅ layer4.1.bn2.bias -> layer4.layers[1].bn2.bias (512,)

=== Loading BatchNorm Running Statistics ===
✅ bn1.running_mean -> bn1.ema_state_index.init[0]
✅ bn1.running_var -> bn1.ema_state_index.init[1]
✅ layer1.0.bn1.running_mean -> layer1.layers[0].bn1.ema_state_index.init[0]
✅ layer1.0.bn1.running_var -> layer1.layers[0].bn1.ema_state_index.init[1]
✅ layer1.0.bn2.running_mean -> layer1.layers[0].bn2.ema_state_index.init[0]
✅ layer1.0.bn2.running_var -> layer1.layers[0].bn2.ema_state_index.init[1]
✅ layer1.1.bn1.running_mean -> layer1.layers[1].bn1.ema_state_index.init[0]
✅ layer1.1.bn1.running_var -> layer1.layers[1].bn1.ema_state_index.init[1]
✅ layer1.1.bn2.running_mean -> layer1.layers[1].bn2.ema_state_index.init[0]
✅ layer1.1.bn2.running_var -> layer1.layers[1].bn2.ema_state_index.init[1]
✅ layer2.0.bn1.running_mean -> layer2.layers[0].bn1.ema_state_index.init[0]
✅ layer2.0.bn1.running_var -> layer2.layers[0].bn1.ema_state_index.init[1]
✅ layer2.0.bn2.running_mean -> layer2.layers[0].bn2.ema_state_index.init[0]
✅ layer2.0.bn2.running_var -> layer2.layers[0].bn2.ema_state_index.init[1]
✅ layer2.0.downsample.1.running_mean -> layer2.layers[0].downsample.layers[1].ema_state_index.init[0]
✅ layer2.0.downsample.1.running_var -> layer2.layers[0].downsample.layers[1].ema_state_index.init[1]
✅ layer2.1.bn1.running_mean -> layer2.layers[1].bn1.ema_state_index.init[0]
✅ layer2.1.bn1.running_var -> layer2.layers[1].bn1.ema_state_index.init[1]
✅ layer2.1.bn2.running_mean -> layer2.layers[1].bn2.ema_state_index.init[0]
✅ layer2.1.bn2.running_var -> layer2.layers[1].bn2.ema_state_index.init[1]
✅ layer3.0.bn1.running_mean -> layer3.layers[0].bn1.ema_state_index.init[0]
✅ layer3.0.bn1.running_var -> layer3.layers[0].bn1.ema_state_index.init[1]
✅ layer3.0.bn2.running_mean -> layer3.layers[0].bn2.ema_state_index.init[0]
✅ layer3.0.bn2.running_var -> layer3.layers[0].bn2.ema_state_index.init[1]
✅ layer3.0.downsample.1.running_mean -> layer3.layers[0].downsample.layers[1].ema_state_index.init[0]
✅ layer3.0.downsample.1.running_var -> layer3.layers[0].downsample.layers[1].ema_state_index.init[1]
✅ layer3.1.bn1.running_mean -> layer3.layers[1].bn1.ema_state_index.init[0]
✅ layer3.1.bn1.running_var -> layer3.layers[1].bn1.ema_state_index.init[1]
✅ layer3.1.bn2.running_mean -> layer3.layers[1].bn2.ema_state_index.init[0]
✅ layer3.1.bn2.running_var -> layer3.layers[1].bn2.ema_state_index.init[1]
✅ layer4.0.bn1.running_mean -> layer4.layers[0].bn1.ema_state_index.init[0]
✅ layer4.0.bn1.running_var -> layer4.layers[0].bn1.ema_state_index.init[1]
✅ layer4.0.bn2.running_mean -> layer4.layers[0].bn2.ema_state_index.init[0]
✅ layer4.0.bn2.running_var -> layer4.layers[0].bn2.ema_state_index.init[1]
✅ layer4.0.downsample.1.running_mean -> layer4.layers[0].downsample.layers[1].ema_state_index.init[0]
✅ layer4.0.downsample.1.running_var -> layer4.layers[0].downsample.layers[1].ema_state_index.init[1]
✅ layer4.1.bn1.running_mean -> layer4.layers[1].bn1.ema_state_index.init[0]
✅ layer4.1.bn1.running_var -> layer4.layers[1].bn1.ema_state_index.init[1]
✅ layer4.1.bn2.running_mean -> layer4.layers[1].bn2.ema_state_index.init[0]
✅ layer4.1.bn2.running_var -> layer4.layers[1].bn2.ema_state_index.init[1]

=== Loading Results ===
✅ Trainable parameters loaded: 62
✅ BatchNorm statistics loaded: 40
❌ Failed loads: 0
=== Flexible Weight Loading ===
PyTorch trainable parameters: 62
✅ conv1.weight -> conv1.weight (64, 3, 7, 7)
✅ bn1.weight -> bn1.weight (64,)
✅ bn1.bias -> bn1.bias (64,)
✅ fc.weight -> fc.weight (1000, 512)
✅ fc.bias -> fc.bias (1000,)
✅ layer1.0.conv1.weight -> layer1.layers[0].conv1.weight (64, 64, 3, 3)
✅ layer1.0.bn1.weight -> layer1.layers[0].bn1.weight (64,)
✅ layer1.0.bn1.bias -> layer1.layers[0].bn1.bias (64,)
✅ layer1.0.conv2.weight -> layer1.layers[0].conv2.weight (64, 64, 3, 3)
✅ layer1.0.bn2.weight -> layer1.layers[0].bn2.weight (64,)
✅ layer1.0.bn2.bias -> layer1.layers[0].bn2.bias (64,)
✅ layer1.1.conv1.weight -> layer1.layers[1].conv1.weight (64, 64, 3, 3)
✅ layer1.1.bn1.weight -> layer1.layers[1].bn1.weight (64,)
✅ layer1.1.bn1.bias -> layer1.layers[1].bn1.bias (64,)
✅ layer1.1.conv2.weight -> layer1.layers[1].conv2.weight (64, 64, 3, 3)
✅ layer1.1.bn2.weight -> layer1.layers[1].bn2.weight (64,)
✅ layer1.1.bn2.bias -> layer1.layers[1].bn2.bias (64,)
✅ layer2.0.conv1.weight -> layer2.layers[0].conv1.weight (128, 64, 3, 3)
✅ layer2.0.bn1.weight -> layer2.layers[0].bn1.weight (128,)
✅ layer2.0.bn1.bias -> layer2.layers[0].bn1.bias (128,)
✅ layer2.0.conv2.weight -> layer2.layers[0].conv2.weight (128, 128, 3, 3)
✅ layer2.0.bn2.weight -> layer2.layers[0].bn2.weight (128,)
✅ layer2.0.bn2.bias -> layer2.layers[0].bn2.bias (128,)
✅ layer2.0.downsample.0.weight -> layer2.layers[0].downsample.layers[0].weight (128, 64, 1, 1)
✅ layer2.0.downsample.1.weight -> layer2.layers[0].downsample.layers[1].weight (128,)
✅ layer2.0.downsample.1.bias -> layer2.layers[0].downsample.layers[1].bias (128,)
✅ layer2.1.conv1.weight -> layer2.layers[1].conv1.weight (128, 128, 3, 3)
✅ layer2.1.bn1.weight -> layer2.layers[1].bn1.weight (128,)
✅ layer2.1.bn1.bias -> layer2.layers[1].bn1.bias (128,)
✅ layer2.1.conv2.weight -> layer2.layers[1].conv2.weight (128, 128, 3, 3)
✅ layer2.1.bn2.weight -> layer2.layers[1].bn2.weight (128,)
✅ layer2.1.bn2.bias -> layer2.layers[1].bn2.bias (128,)
✅ layer3.0.conv1.weight -> layer3.layers[0].conv1.weight (256, 128, 3, 3)
✅ layer3.0.bn1.weight -> layer3.layers[0].bn1.weight (256,)
✅ layer3.0.bn1.bias -> layer3.layers[0].bn1.bias (256,)
✅ layer3.0.conv2.weight -> layer3.layers[0].conv2.weight (256, 256, 3, 3)
✅ layer3.0.bn2.weight -> layer3.layers[0].bn2.weight (256,)
✅ layer3.0.bn2.bias -> layer3.layers[0].bn2.bias (256,)
✅ layer3.0.downsample.0.weight -> layer3.layers[0].downsample.layers[0].weight (256, 128, 1, 1)
✅ layer3.0.downsample.1.weight -> layer3.layers[0].downsample.layers[1].weight (256,)
✅ layer3.0.downsample.1.bias -> layer3.layers[0].downsample.layers[1].bias (256,)
✅ layer3.1.conv1.weight -> layer3.layers[1].conv1.weight (256, 256, 3, 3)
✅ layer3.1.bn1.weight -> layer3.layers[1].bn1.weight (256,)
✅ layer3.1.bn1.bias -> layer3.layers[1].bn1.bias (256,)
✅ layer3.1.conv2.weight -> layer3.layers[1].conv2.weight (256, 256, 3, 3)
✅ layer3.1.bn2.weight -> layer3.layers[1].bn2.weight (256,)
✅ layer3.1.bn2.bias -> layer3.layers[1].bn2.bias (256,)
✅ layer4.0.conv1.weight -> layer4.layers[0].conv1.weight (512, 256, 3, 3)
✅ layer4.0.bn1.weight -> layer4.layers[0].bn1.weight (512,)
✅ layer4.0.bn1.bias -> layer4.layers[0].bn1.bias (512,)
✅ layer4.0.conv2.weight -> layer4.layers[0].conv2.weight (512, 512, 3, 3)
✅ layer4.0.bn2.weight -> layer4.layers[0].bn2.weight (512,)
✅ layer4.0.bn2.bias -> layer4.layers[0].bn2.bias (512,)
✅ layer4.0.downsample.0.weight -> layer4.layers[0].downsample.layers[0].weight (512, 256, 1, 1)
✅ layer4.0.downsample.1.weight -> layer4.layers[0].downsample.layers[1].weight (512,)
✅ layer4.0.downsample.1.bias -> layer4.layers[0].downsample.layers[1].bias (512,)
✅ layer4.1.conv1.weight -> layer4.layers[1].conv1.weight (512, 512, 3, 3)
✅ layer4.1.bn1.weight -> layer4.layers[1].bn1.weight (512,)
✅ layer4.1.bn1.bias -> layer4.layers[1].bn1.bias (512,)
✅ layer4.1.conv2.weight -> layer4.layers[1].conv2.weight (512, 512, 3, 3)
✅ layer4.1.bn2.weight -> layer4.layers[1].bn2.weight (512,)
✅ layer4.1.bn2.bias -> layer4.layers[1].bn2.bias (512,)

=== Loading BatchNorm Running Statistics ===
✅ bn1.running_mean -> bn1.ema_state_index.init[0]
✅ bn1.running_var -> bn1.ema_state_index.init[1]
✅ layer1.0.bn1.running_mean -> layer1.layers[0].bn1.ema_state_index.init[0]
✅ layer1.0.bn1.running_var -> layer1.layers[0].bn1.ema_state_index.init[1]
✅ layer1.0.bn2.running_mean -> layer1.layers[0].bn2.ema_state_index.init[0]
✅ layer1.0.bn2.running_var -> layer1.layers[0].bn2.ema_state_index.init[1]
✅ layer1.1.bn1.running_mean -> layer1.layers[1].bn1.ema_state_index.init[0]
✅ layer1.1.bn1.running_var -> layer1.layers[1].bn1.ema_state_index.init[1]
✅ layer1.1.bn2.running_mean -> layer1.layers[1].bn2.ema_state_index.init[0]
✅ layer1.1.bn2.running_var -> layer1.layers[1].bn2.ema_state_index.init[1]
✅ layer2.0.bn1.running_mean -> layer2.layers[0].bn1.ema_state_index.init[0]
✅ layer2.0.bn1.running_var -> layer2.layers[0].bn1.ema_state_index.init[1]
✅ layer2.0.bn2.running_mean -> layer2.layers[0].bn2.ema_state_index.init[0]
✅ layer2.0.bn2.running_var -> layer2.layers[0].bn2.ema_state_index.init[1]
✅ layer2.0.downsample.1.running_mean -> layer2.layers[0].downsample.layers[1].ema_state_index.init[0]
✅ layer2.0.downsample.1.running_var -> layer2.layers[0].downsample.layers[1].ema_state_index.init[1]
✅ layer2.1.bn1.running_mean -> layer2.layers[1].bn1.ema_state_index.init[0]
✅ layer2.1.bn1.running_var -> layer2.layers[1].bn1.ema_state_index.init[1]
✅ layer2.1.bn2.running_mean -> layer2.layers[1].bn2.ema_state_index.init[0]
✅ layer2.1.bn2.running_var -> layer2.layers[1].bn2.ema_state_index.init[1]
✅ layer3.0.bn1.running_mean -> layer3.layers[0].bn1.ema_state_index.init[0]
✅ layer3.0.bn1.running_var -> layer3.layers[0].bn1.ema_state_index.init[1]
✅ layer3.0.bn2.running_mean -> layer3.layers[0].bn2.ema_state_index.init[0]
✅ layer3.0.bn2.running_var -> layer3.layers[0].bn2.ema_state_index.init[1]
✅ layer3.0.downsample.1.running_mean -> layer3.layers[0].downsample.layers[1].ema_state_index.init[0]
✅ layer3.0.downsample.1.running_var -> layer3.layers[0].downsample.layers[1].ema_state_index.init[1]
✅ layer3.1.bn1.running_mean -> layer3.layers[1].bn1.ema_state_index.init[0]
✅ layer3.1.bn1.running_var -> layer3.layers[1].bn1.ema_state_index.init[1]
✅ layer3.1.bn2.running_mean -> layer3.layers[1].bn2.ema_state_index.init[0]
✅ layer3.1.bn2.running_var -> layer3.layers[1].bn2.ema_state_index.init[1]
✅ layer4.0.bn1.running_mean -> layer4.layers[0].bn1.ema_state_index.init[0]
✅ layer4.0.bn1.running_var -> layer4.layers[0].bn1.ema_state_index.init[1]
✅ layer4.0.bn2.running_mean -> layer4.layers[0].bn2.ema_state_index.init[0]
✅ layer4.0.bn2.running_var -> layer4.layers[0].bn2.ema_state_index.init[1]
✅ layer4.0.downsample.1.running_mean -> layer4.layers[0].downsample.layers[1].ema_state_index.init[0]
✅ layer4.0.downsample.1.running_var -> layer4.layers[0].downsample.layers[1].ema_state_index.init[1]
✅ layer4.1.bn1.running_mean -> layer4.layers[1].bn1.ema_state_index.init[0]
✅ layer4.1.bn1.running_var -> layer4.layers[1].bn1.ema_state_index.init[1]
✅ layer4.1.bn2.running_mean -> layer4.layers[1].bn2.ema_state_index.init[0]
✅ layer4.1.bn2.running_var -> layer4.layers[1].bn2.ema_state_index.init[1]

=== Loading Results ===
✅ Trainable parameters loaded: 62
✅ BatchNorm statistics loaded: 40
❌ Failed loads: 0
=== Flexible Weight Loading ===
PyTorch trainable parameters: 62
✅ conv1.weight -> conv1.weight (64, 3, 7, 7)
✅ bn1.weight -> bn1.weight (64,)
✅ bn1.bias -> bn1.bias (64,)
✅ fc.weight -> fc.weight (1000, 512)
✅ fc.bias -> fc.bias (1000,)
✅ layer1.0.conv1.weight -> layer1.layers[0].conv1.weight (64, 64, 3, 3)
✅ layer1.0.bn1.weight -> layer1.layers[0].bn1.weight (64,)
✅ layer1.0.bn1.bias -> layer1.layers[0].bn1.bias (64,)
✅ layer1.0.conv2.weight -> layer1.layers[0].conv2.weight (64, 64, 3, 3)
✅ layer1.0.bn2.weight -> layer1.layers[0].bn2.weight (64,)
✅ layer1.0.bn2.bias -> layer1.layers[0].bn2.bias (64,)
✅ layer1.1.conv1.weight -> layer1.layers[1].conv1.weight (64, 64, 3, 3)
✅ layer1.1.bn1.weight -> layer1.layers[1].bn1.weight (64,)
✅ layer1.1.bn1.bias -> layer1.layers[1].bn1.bias (64,)
✅ layer1.1.conv2.weight -> layer1.layers[1].conv2.weight (64, 64, 3, 3)
✅ layer1.1.bn2.weight -> layer1.layers[1].bn2.weight (64,)
✅ layer1.1.bn2.bias -> layer1.layers[1].bn2.bias (64,)
✅ layer2.0.conv1.weight -> layer2.layers[0].conv1.weight (128, 64, 3, 3)
✅ layer2.0.bn1.weight -> layer2.layers[0].bn1.weight (128,)
✅ layer2.0.bn1.bias -> layer2.layers[0].bn1.bias (128,)
✅ layer2.0.conv2.weight -> layer2.layers[0].conv2.weight (128, 128, 3, 3)
✅ layer2.0.bn2.weight -> layer2.layers[0].bn2.weight (128,)
✅ layer2.0.bn2.bias -> layer2.layers[0].bn2.bias (128,)
✅ layer2.0.downsample.0.weight -> layer2.layers[0].downsample.layers[0].weight (128, 64, 1, 1)
✅ layer2.0.downsample.1.weight -> layer2.layers[0].downsample.layers[1].weight (128,)
✅ layer2.0.downsample.1.bias -> layer2.layers[0].downsample.layers[1].bias (128,)
✅ layer2.1.conv1.weight -> layer2.layers[1].conv1.weight (128, 128, 3, 3)
✅ layer2.1.bn1.weight -> layer2.layers[1].bn1.weight (128,)
✅ layer2.1.bn1.bias -> layer2.layers[1].bn1.bias (128,)
✅ layer2.1.conv2.weight -> layer2.layers[1].conv2.weight (128, 128, 3, 3)
✅ layer2.1.bn2.weight -> layer2.layers[1].bn2.weight (128,)
✅ layer2.1.bn2.bias -> layer2.layers[1].bn2.bias (128,)
✅ layer3.0.conv1.weight -> layer3.layers[0].conv1.weight (256, 128, 3, 3)
✅ layer3.0.bn1.weight -> layer3.layers[0].bn1.weight (256,)
✅ layer3.0.bn1.bias -> layer3.layers[0].bn1.bias (256,)
✅ layer3.0.conv2.weight -> layer3.layers[0].conv2.weight (256, 256, 3, 3)
✅ layer3.0.bn2.weight -> layer3.layers[0].bn2.weight (256,)
✅ layer3.0.bn2.bias -> layer3.layers[0].bn2.bias (256,)
✅ layer3.0.downsample.0.weight -> layer3.layers[0].downsample.layers[0].weight (256, 128, 1, 1)
✅ layer3.0.downsample.1.weight -> layer3.layers[0].downsample.layers[1].weight (256,)
✅ layer3.0.downsample.1.bias -> layer3.layers[0].downsample.layers[1].bias (256,)
✅ layer3.1.conv1.weight -> layer3.layers[1].conv1.weight (256, 256, 3, 3)
✅ layer3.1.bn1.weight -> layer3.layers[1].bn1.weight (256,)
✅ layer3.1.bn1.bias -> layer3.layers[1].bn1.bias (256,)
✅ layer3.1.conv2.weight -> layer3.layers[1].conv2.weight (256, 256, 3, 3)
✅ layer3.1.bn2.weight -> layer3.layers[1].bn2.weight (256,)
✅ layer3.1.bn2.bias -> layer3.layers[1].bn2.bias (256,)
✅ layer4.0.conv1.weight -> layer4.layers[0].conv1.weight (512, 256, 3, 3)
✅ layer4.0.bn1.weight -> layer4.layers[0].bn1.weight (512,)
✅ layer4.0.bn1.bias -> layer4.layers[0].bn1.bias (512,)
✅ layer4.0.conv2.weight -> layer4.layers[0].conv2.weight (512, 512, 3, 3)
✅ layer4.0.bn2.weight -> layer4.layers[0].bn2.weight (512,)
✅ layer4.0.bn2.bias -> layer4.layers[0].bn2.bias (512,)
✅ layer4.0.downsample.0.weight -> layer4.layers[0].downsample.layers[0].weight (512, 256, 1, 1)
✅ layer4.0.downsample.1.weight -> layer4.layers[0].downsample.layers[1].weight (512,)
✅ layer4.0.downsample.1.bias -> layer4.layers[0].downsample.layers[1].bias (512,)
✅ layer4.1.conv1.weight -> layer4.layers[1].conv1.weight (512, 512, 3, 3)
✅ layer4.1.bn1.weight -> layer4.layers[1].bn1.weight (512,)
✅ layer4.1.bn1.bias -> layer4.layers[1].bn1.bias (512,)
✅ layer4.1.conv2.weight -> layer4.layers[1].conv2.weight (512, 512, 3, 3)
✅ layer4.1.bn2.weight -> layer4.layers[1].bn2.weight (512,)
✅ layer4.1.bn2.bias -> layer4.layers[1].bn2.bias (512,)

=== Loading BatchNorm Running Statistics ===
✅ bn1.running_mean -> bn1.ema_state_index.init[0]
✅ bn1.running_var -> bn1.ema_state_index.init[1]
✅ layer1.0.bn1.running_mean -> layer1.layers[0].bn1.ema_state_index.init[0]
✅ layer1.0.bn1.running_var -> layer1.layers[0].bn1.ema_state_index.init[1]
✅ layer1.0.bn2.running_mean -> layer1.layers[0].bn2.ema_state_index.init[0]
✅ layer1.0.bn2.running_var -> layer1.layers[0].bn2.ema_state_index.init[1]
✅ layer1.1.bn1.running_mean -> layer1.layers[1].bn1.ema_state_index.init[0]
✅ layer1.1.bn1.running_var -> layer1.layers[1].bn1.ema_state_index.init[1]
✅ layer1.1.bn2.running_mean -> layer1.layers[1].bn2.ema_state_index.init[0]
✅ layer1.1.bn2.running_var -> layer1.layers[1].bn2.ema_state_index.init[1]
✅ layer2.0.bn1.running_mean -> layer2.layers[0].bn1.ema_state_index.init[0]
✅ layer2.0.bn1.running_var -> layer2.layers[0].bn1.ema_state_index.init[1]
✅ layer2.0.bn2.running_mean -> layer2.layers[0].bn2.ema_state_index.init[0]
✅ layer2.0.bn2.running_var -> layer2.layers[0].bn2.ema_state_index.init[1]
✅ layer2.0.downsample.1.running_mean -> layer2.layers[0].downsample.layers[1].ema_state_index.init[0]
✅ layer2.0.downsample.1.running_var -> layer2.layers[0].downsample.layers[1].ema_state_index.init[1]
✅ layer2.1.bn1.running_mean -> layer2.layers[1].bn1.ema_state_index.init[0]
✅ layer2.1.bn1.running_var -> layer2.layers[1].bn1.ema_state_index.init[1]
✅ layer2.1.bn2.running_mean -> layer2.layers[1].bn2.ema_state_index.init[0]
✅ layer2.1.bn2.running_var -> layer2.layers[1].bn2.ema_state_index.init[1]
✅ layer3.0.bn1.running_mean -> layer3.layers[0].bn1.ema_state_index.init[0]
✅ layer3.0.bn1.running_var -> layer3.layers[0].bn1.ema_state_index.init[1]
✅ layer3.0.bn2.running_mean -> layer3.layers[0].bn2.ema_state_index.init[0]
✅ layer3.0.bn2.running_var -> layer3.layers[0].bn2.ema_state_index.init[1]
✅ layer3.0.downsample.1.running_mean -> layer3.layers[0].downsample.layers[1].ema_state_index.init[0]
✅ layer3.0.downsample.1.running_var -> layer3.layers[0].downsample.layers[1].ema_state_index.init[1]
✅ layer3.1.bn1.running_mean -> layer3.layers[1].bn1.ema_state_index.init[0]
✅ layer3.1.bn1.running_var -> layer3.layers[1].bn1.ema_state_index.init[1]
✅ layer3.1.bn2.running_mean -> layer3.layers[1].bn2.ema_state_index.init[0]
✅ layer3.1.bn2.running_var -> layer3.layers[1].bn2.ema_state_index.init[1]
✅ layer4.0.bn1.running_mean -> layer4.layers[0].bn1.ema_state_index.init[0]
✅ layer4.0.bn1.running_var -> layer4.layers[0].bn1.ema_state_index.init[1]
✅ layer4.0.bn2.running_mean -> layer4.layers[0].bn2.ema_state_index.init[0]
✅ layer4.0.bn2.running_var -> layer4.layers[0].bn2.ema_state_index.init[1]
✅ layer4.0.downsample.1.running_mean -> layer4.layers[0].downsample.layers[1].ema_state_index.init[0]
✅ layer4.0.downsample.1.running_var -> layer4.layers[0].downsample.layers[1].ema_state_index.init[1]
✅ layer4.1.bn1.running_mean -> layer4.layers[1].bn1.ema_state_index.init[0]
✅ layer4.1.bn1.running_var -> layer4.layers[1].bn1.ema_state_index.init[1]
✅ layer4.1.bn2.running_mean -> layer4.layers[1].bn2.ema_state_index.init[0]
✅ layer4.1.bn2.running_var -> layer4.layers[1].bn2.ema_state_index.init[1]

=== Loading Results ===
✅ Trainable parameters loaded: 62
✅ BatchNorm statistics loaded: 40
❌ Failed loads: 0
=== Flexible Weight Loading ===
PyTorch trainable parameters: 62
✅ conv1.weight -> conv1.weight (64, 3, 7, 7)
✅ bn1.weight -> bn1.weight (64,)
✅ bn1.bias -> bn1.bias (64,)
✅ fc.weight -> fc.weight (1000, 512)
✅ fc.bias -> fc.bias (1000,)
✅ layer1.0.conv1.weight -> layer1.layers[0].conv1.weight (64, 64, 3, 3)
✅ layer1.0.bn1.weight -> layer1.layers[0].bn1.weight (64,)
✅ layer1.0.bn1.bias -> layer1.layers[0].bn1.bias (64,)
✅ layer1.0.conv2.weight -> layer1.layers[0].conv2.weight (64, 64, 3, 3)
✅ layer1.0.bn2.weight -> layer1.layers[0].bn2.weight (64,)
✅ layer1.0.bn2.bias -> layer1.layers[0].bn2.bias (64,)
✅ layer1.1.conv1.weight -> layer1.layers[1].conv1.weight (64, 64, 3, 3)
✅ layer1.1.bn1.weight -> layer1.layers[1].bn1.weight (64,)
✅ layer1.1.bn1.bias -> layer1.layers[1].bn1.bias (64,)
✅ layer1.1.conv2.weight -> layer1.layers[1].conv2.weight (64, 64, 3, 3)
✅ layer1.1.bn2.weight -> layer1.layers[1].bn2.weight (64,)
✅ layer1.1.bn2.bias -> layer1.layers[1].bn2.bias (64,)
✅ layer2.0.conv1.weight -> layer2.layers[0].conv1.weight (128, 64, 3, 3)
✅ layer2.0.bn1.weight -> layer2.layers[0].bn1.weight (128,)
✅ layer2.0.bn1.bias -> layer2.layers[0].bn1.bias (128,)
✅ layer2.0.conv2.weight -> layer2.layers[0].conv2.weight (128, 128, 3, 3)
✅ layer2.0.bn2.weight -> layer2.layers[0].bn2.weight (128,)
✅ layer2.0.bn2.bias -> layer2.layers[0].bn2.bias (128,)
✅ layer2.0.downsample.0.weight -> layer2.layers[0].downsample.layers[0].weight (128, 64, 1, 1)
✅ layer2.0.downsample.1.weight -> layer2.layers[0].downsample.layers[1].weight (128,)
✅ layer2.0.downsample.1.bias -> layer2.layers[0].downsample.layers[1].bias (128,)
✅ layer2.1.conv1.weight -> layer2.layers[1].conv1.weight (128, 128, 3, 3)
✅ layer2.1.bn1.weight -> layer2.layers[1].bn1.weight (128,)
✅ layer2.1.bn1.bias -> layer2.layers[1].bn1.bias (128,)
✅ layer2.1.conv2.weight -> layer2.layers[1].conv2.weight (128, 128, 3, 3)
✅ layer2.1.bn2.weight -> layer2.layers[1].bn2.weight (128,)
✅ layer2.1.bn2.bias -> layer2.layers[1].bn2.bias (128,)
✅ layer3.0.conv1.weight -> layer3.layers[0].conv1.weight (256, 128, 3, 3)
✅ layer3.0.bn1.weight -> layer3.layers[0].bn1.weight (256,)
✅ layer3.0.bn1.bias -> layer3.layers[0].bn1.bias (256,)
✅ layer3.0.conv2.weight -> layer3.layers[0].conv2.weight (256, 256, 3, 3)
✅ layer3.0.bn2.weight -> layer3.layers[0].bn2.weight (256,)
✅ layer3.0.bn2.bias -> layer3.layers[0].bn2.bias (256,)
✅ layer3.0.downsample.0.weight -> layer3.layers[0].downsample.layers[0].weight (256, 128, 1, 1)
✅ layer3.0.downsample.1.weight -> layer3.layers[0].downsample.layers[1].weight (256,)
✅ layer3.0.downsample.1.bias -> layer3.layers[0].downsample.layers[1].bias (256,)
✅ layer3.1.conv1.weight -> layer3.layers[1].conv1.weight (256, 256, 3, 3)
✅ layer3.1.bn1.weight -> layer3.layers[1].bn1.weight (256,)
✅ layer3.1.bn1.bias -> layer3.layers[1].bn1.bias (256,)
✅ layer3.1.conv2.weight -> layer3.layers[1].conv2.weight (256, 256, 3, 3)
✅ layer3.1.bn2.weight -> layer3.layers[1].bn2.weight (256,)
✅ layer3.1.bn2.bias -> layer3.layers[1].bn2.bias (256,)
✅ layer4.0.conv1.weight -> layer4.layers[0].conv1.weight (512, 256, 3, 3)
✅ layer4.0.bn1.weight -> layer4.layers[0].bn1.weight (512,)
✅ layer4.0.bn1.bias -> layer4.layers[0].bn1.bias (512,)
✅ layer4.0.conv2.weight -> layer4.layers[0].conv2.weight (512, 512, 3, 3)
✅ layer4.0.bn2.weight -> layer4.layers[0].bn2.weight (512,)
✅ layer4.0.bn2.bias -> layer4.layers[0].bn2.bias (512,)
✅ layer4.0.downsample.0.weight -> layer4.layers[0].downsample.layers[0].weight (512, 256, 1, 1)
✅ layer4.0.downsample.1.weight -> layer4.layers[0].downsample.layers[1].weight (512,)
✅ layer4.0.downsample.1.bias -> layer4.layers[0].downsample.layers[1].bias (512,)
✅ layer4.1.conv1.weight -> layer4.layers[1].conv1.weight (512, 512, 3, 3)
✅ layer4.1.bn1.weight -> layer4.layers[1].bn1.weight (512,)
✅ layer4.1.bn1.bias -> layer4.layers[1].bn1.bias (512,)
✅ layer4.1.conv2.weight -> layer4.layers[1].conv2.weight (512, 512, 3, 3)
✅ layer4.1.bn2.weight -> layer4.layers[1].bn2.weight (512,)
✅ layer4.1.bn2.bias -> layer4.layers[1].bn2.bias (512,)

=== Loading BatchNorm Running Statistics ===
✅ bn1.running_mean -> bn1.ema_state_index.init[0]
✅ bn1.running_var -> bn1.ema_state_index.init[1]
✅ layer1.0.bn1.running_mean -> layer1.layers[0].bn1.ema_state_index.init[0]
✅ layer1.0.bn1.running_var -> layer1.layers[0].bn1.ema_state_index.init[1]
✅ layer1.0.bn2.running_mean -> layer1.layers[0].bn2.ema_state_index.init[0]
✅ layer1.0.bn2.running_var -> layer1.layers[0].bn2.ema_state_index.init[1]
✅ layer1.1.bn1.running_mean -> layer1.layers[1].bn1.ema_state_index.init[0]
✅ layer1.1.bn1.running_var -> layer1.layers[1].bn1.ema_state_index.init[1]
✅ layer1.1.bn2.running_mean -> layer1.layers[1].bn2.ema_state_index.init[0]
✅ layer1.1.bn2.running_var -> layer1.layers[1].bn2.ema_state_index.init[1]
✅ layer2.0.bn1.running_mean -> layer2.layers[0].bn1.ema_state_index.init[0]
✅ layer2.0.bn1.running_var -> layer2.layers[0].bn1.ema_state_index.init[1]
✅ layer2.0.bn2.running_mean -> layer2.layers[0].bn2.ema_state_index.init[0]
✅ layer2.0.bn2.running_var -> layer2.layers[0].bn2.ema_state_index.init[1]
✅ layer2.0.downsample.1.running_mean -> layer2.layers[0].downsample.layers[1].ema_state_index.init[0]
✅ layer2.0.downsample.1.running_var -> layer2.layers[0].downsample.layers[1].ema_state_index.init[1]
✅ layer2.1.bn1.running_mean -> layer2.layers[1].bn1.ema_state_index.init[0]
✅ layer2.1.bn1.running_var -> layer2.layers[1].bn1.ema_state_index.init[1]
✅ layer2.1.bn2.running_mean -> layer2.layers[1].bn2.ema_state_index.init[0]
✅ layer2.1.bn2.running_var -> layer2.layers[1].bn2.ema_state_index.init[1]
✅ layer3.0.bn1.running_mean -> layer3.layers[0].bn1.ema_state_index.init[0]
✅ layer3.0.bn1.running_var -> layer3.layers[0].bn1.ema_state_index.init[1]
✅ layer3.0.bn2.running_mean -> layer3.layers[0].bn2.ema_state_index.init[0]
✅ layer3.0.bn2.running_var -> layer3.layers[0].bn2.ema_state_index.init[1]
✅ layer3.0.downsample.1.running_mean -> layer3.layers[0].downsample.layers[1].ema_state_index.init[0]
✅ layer3.0.downsample.1.running_var -> layer3.layers[0].downsample.layers[1].ema_state_index.init[1]
✅ layer3.1.bn1.running_mean -> layer3.layers[1].bn1.ema_state_index.init[0]
✅ layer3.1.bn1.running_var -> layer3.layers[1].bn1.ema_state_index.init[1]
✅ layer3.1.bn2.running_mean -> layer3.layers[1].bn2.ema_state_index.init[0]
✅ layer3.1.bn2.running_var -> layer3.layers[1].bn2.ema_state_index.init[1]
✅ layer4.0.bn1.running_mean -> layer4.layers[0].bn1.ema_state_index.init[0]
✅ layer4.0.bn1.running_var -> layer4.layers[0].bn1.ema_state_index.init[1]
✅ layer4.0.bn2.running_mean -> layer4.layers[0].bn2.ema_state_index.init[0]
✅ layer4.0.bn2.running_var -> layer4.layers[0].bn2.ema_state_index.init[1]
✅ layer4.0.downsample.1.running_mean -> layer4.layers[0].downsample.layers[1].ema_state_index.init[0]
✅ layer4.0.downsample.1.running_var -> layer4.layers[0].downsample.layers[1].ema_state_index.init[1]
✅ layer4.1.bn1.running_mean -> layer4.layers[1].bn1.ema_state_index.init[0]
✅ layer4.1.bn1.running_var -> layer4.layers[1].bn1.ema_state_index.init[1]
✅ layer4.1.bn2.running_mean -> layer4.layers[1].bn2.ema_state_index.init[0]
✅ layer4.1.bn2.running_var -> layer4.layers[1].bn2.ema_state_index.init[1]

=== Loading Results ===
✅ Trainable parameters loaded: 62
✅ BatchNorm statistics loaded: 40
❌ Failed loads: 0
Checkpoint loaded from /data/user_data/saksham3/double_insert_rl_checkpoints/td-n_n60_reward_typeneg_lr0.0001_seed3/checkpoint_step_20000.eqx (step: 20000)
Normalization function: <function normalize_zscore at 0x148504facf40>
Using regular network for value function
Pre-compiling 3 augmentation chains with vmap...
Camera 0: Compiled JIT + vmap augmentation chain
Camera 1: Compiled JIT + vmap augmentation chain
Camera 2: Compiled JIT + vmap augmentation chain
Successfully pre-compiled all 3 augmentation chains
Value function and augmentation agent initialized
Computing value function...
Computed 2904 values
Generating video frames...
Saving MP4 video to videos_neg/sim_double_insert_round2_0522_hdf5_0.mp4...
Video saved successfully to videos_neg/sim_double_insert_round2_0522_hdf5_0.mp4
Logging GIF video to wandb...
GIF video logged successfully to wandb.
Wandb run finished.
Completed visualization for sim_double_insert_round2_0522_hdf5 with VF2
Processing dataset 3/5: sim_double_insert_round4_0606_hdf5
Wandb run initiated with name: sim_double_insert_round4_0606_hdf5_0
Decoding images...
Loading value function from /data/user_data/saksham3/double_insert_rl_checkpoints/td-n_n60_reward_typeneg_lr0.0001_seed3/checkpoint_step_20000.eqx...
=== Flexible Weight Loading ===
PyTorch trainable parameters: 62
✅ conv1.weight -> conv1.weight (64, 3, 7, 7)
✅ bn1.weight -> bn1.weight (64,)
✅ bn1.bias -> bn1.bias (64,)
✅ fc.weight -> fc.weight (1000, 512)
✅ fc.bias -> fc.bias (1000,)
✅ layer1.0.conv1.weight -> layer1.layers[0].conv1.weight (64, 64, 3, 3)
✅ layer1.0.bn1.weight -> layer1.layers[0].bn1.weight (64,)
✅ layer1.0.bn1.bias -> layer1.layers[0].bn1.bias (64,)
✅ layer1.0.conv2.weight -> layer1.layers[0].conv2.weight (64, 64, 3, 3)
✅ layer1.0.bn2.weight -> layer1.layers[0].bn2.weight (64,)
✅ layer1.0.bn2.bias -> layer1.layers[0].bn2.bias (64,)
✅ layer1.1.conv1.weight -> layer1.layers[1].conv1.weight (64, 64, 3, 3)
✅ layer1.1.bn1.weight -> layer1.layers[1].bn1.weight (64,)
✅ layer1.1.bn1.bias -> layer1.layers[1].bn1.bias (64,)
✅ layer1.1.conv2.weight -> layer1.layers[1].conv2.weight (64, 64, 3, 3)
✅ layer1.1.bn2.weight -> layer1.layers[1].bn2.weight (64,)
✅ layer1.1.bn2.bias -> layer1.layers[1].bn2.bias (64,)
✅ layer2.0.conv1.weight -> layer2.layers[0].conv1.weight (128, 64, 3, 3)
✅ layer2.0.bn1.weight -> layer2.layers[0].bn1.weight (128,)
✅ layer2.0.bn1.bias -> layer2.layers[0].bn1.bias (128,)
✅ layer2.0.conv2.weight -> layer2.layers[0].conv2.weight (128, 128, 3, 3)
✅ layer2.0.bn2.weight -> layer2.layers[0].bn2.weight (128,)
✅ layer2.0.bn2.bias -> layer2.layers[0].bn2.bias (128,)
✅ layer2.0.downsample.0.weight -> layer2.layers[0].downsample.layers[0].weight (128, 64, 1, 1)
✅ layer2.0.downsample.1.weight -> layer2.layers[0].downsample.layers[1].weight (128,)
✅ layer2.0.downsample.1.bias -> layer2.layers[0].downsample.layers[1].bias (128,)
✅ layer2.1.conv1.weight -> layer2.layers[1].conv1.weight (128, 128, 3, 3)
✅ layer2.1.bn1.weight -> layer2.layers[1].bn1.weight (128,)
✅ layer2.1.bn1.bias -> layer2.layers[1].bn1.bias (128,)
✅ layer2.1.conv2.weight -> layer2.layers[1].conv2.weight (128, 128, 3, 3)
✅ layer2.1.bn2.weight -> layer2.layers[1].bn2.weight (128,)
✅ layer2.1.bn2.bias -> layer2.layers[1].bn2.bias (128,)
✅ layer3.0.conv1.weight -> layer3.layers[0].conv1.weight (256, 128, 3, 3)
✅ layer3.0.bn1.weight -> layer3.layers[0].bn1.weight (256,)
✅ layer3.0.bn1.bias -> layer3.layers[0].bn1.bias (256,)
✅ layer3.0.conv2.weight -> layer3.layers[0].conv2.weight (256, 256, 3, 3)
✅ layer3.0.bn2.weight -> layer3.layers[0].bn2.weight (256,)
✅ layer3.0.bn2.bias -> layer3.layers[0].bn2.bias (256,)
✅ layer3.0.downsample.0.weight -> layer3.layers[0].downsample.layers[0].weight (256, 128, 1, 1)
✅ layer3.0.downsample.1.weight -> layer3.layers[0].downsample.layers[1].weight (256,)
✅ layer3.0.downsample.1.bias -> layer3.layers[0].downsample.layers[1].bias (256,)
✅ layer3.1.conv1.weight -> layer3.layers[1].conv1.weight (256, 256, 3, 3)
✅ layer3.1.bn1.weight -> layer3.layers[1].bn1.weight (256,)
✅ layer3.1.bn1.bias -> layer3.layers[1].bn1.bias (256,)
✅ layer3.1.conv2.weight -> layer3.layers[1].conv2.weight (256, 256, 3, 3)
✅ layer3.1.bn2.weight -> layer3.layers[1].bn2.weight (256,)
✅ layer3.1.bn2.bias -> layer3.layers[1].bn2.bias (256,)
✅ layer4.0.conv1.weight -> layer4.layers[0].conv1.weight (512, 256, 3, 3)
✅ layer4.0.bn1.weight -> layer4.layers[0].bn1.weight (512,)
✅ layer4.0.bn1.bias -> layer4.layers[0].bn1.bias (512,)
✅ layer4.0.conv2.weight -> layer4.layers[0].conv2.weight (512, 512, 3, 3)
✅ layer4.0.bn2.weight -> layer4.layers[0].bn2.weight (512,)
✅ layer4.0.bn2.bias -> layer4.layers[0].bn2.bias (512,)
✅ layer4.0.downsample.0.weight -> layer4.layers[0].downsample.layers[0].weight (512, 256, 1, 1)
✅ layer4.0.downsample.1.weight -> layer4.layers[0].downsample.layers[1].weight (512,)
✅ layer4.0.downsample.1.bias -> layer4.layers[0].downsample.layers[1].bias (512,)
✅ layer4.1.conv1.weight -> layer4.layers[1].conv1.weight (512, 512, 3, 3)
✅ layer4.1.bn1.weight -> layer4.layers[1].bn1.weight (512,)
✅ layer4.1.bn1.bias -> layer4.layers[1].bn1.bias (512,)
✅ layer4.1.conv2.weight -> layer4.layers[1].conv2.weight (512, 512, 3, 3)
✅ layer4.1.bn2.weight -> layer4.layers[1].bn2.weight (512,)
✅ layer4.1.bn2.bias -> layer4.layers[1].bn2.bias (512,)

=== Loading BatchNorm Running Statistics ===
✅ bn1.running_mean -> bn1.ema_state_index.init[0]
✅ bn1.running_var -> bn1.ema_state_index.init[1]
✅ layer1.0.bn1.running_mean -> layer1.layers[0].bn1.ema_state_index.init[0]
✅ layer1.0.bn1.running_var -> layer1.layers[0].bn1.ema_state_index.init[1]
✅ layer1.0.bn2.running_mean -> layer1.layers[0].bn2.ema_state_index.init[0]
✅ layer1.0.bn2.running_var -> layer1.layers[0].bn2.ema_state_index.init[1]
✅ layer1.1.bn1.running_mean -> layer1.layers[1].bn1.ema_state_index.init[0]
✅ layer1.1.bn1.running_var -> layer1.layers[1].bn1.ema_state_index.init[1]
✅ layer1.1.bn2.running_mean -> layer1.layers[1].bn2.ema_state_index.init[0]
✅ layer1.1.bn2.running_var -> layer1.layers[1].bn2.ema_state_index.init[1]
✅ layer2.0.bn1.running_mean -> layer2.layers[0].bn1.ema_state_index.init[0]
✅ layer2.0.bn1.running_var -> layer2.layers[0].bn1.ema_state_index.init[1]
✅ layer2.0.bn2.running_mean -> layer2.layers[0].bn2.ema_state_index.init[0]
✅ layer2.0.bn2.running_var -> layer2.layers[0].bn2.ema_state_index.init[1]
✅ layer2.0.downsample.1.running_mean -> layer2.layers[0].downsample.layers[1].ema_state_index.init[0]
✅ layer2.0.downsample.1.running_var -> layer2.layers[0].downsample.layers[1].ema_state_index.init[1]
✅ layer2.1.bn1.running_mean -> layer2.layers[1].bn1.ema_state_index.init[0]
✅ layer2.1.bn1.running_var -> layer2.layers[1].bn1.ema_state_index.init[1]
✅ layer2.1.bn2.running_mean -> layer2.layers[1].bn2.ema_state_index.init[0]
✅ layer2.1.bn2.running_var -> layer2.layers[1].bn2.ema_state_index.init[1]
✅ layer3.0.bn1.running_mean -> layer3.layers[0].bn1.ema_state_index.init[0]
✅ layer3.0.bn1.running_var -> layer3.layers[0].bn1.ema_state_index.init[1]
✅ layer3.0.bn2.running_mean -> layer3.layers[0].bn2.ema_state_index.init[0]
✅ layer3.0.bn2.running_var -> layer3.layers[0].bn2.ema_state_index.init[1]
✅ layer3.0.downsample.1.running_mean -> layer3.layers[0].downsample.layers[1].ema_state_index.init[0]
✅ layer3.0.downsample.1.running_var -> layer3.layers[0].downsample.layers[1].ema_state_index.init[1]
✅ layer3.1.bn1.running_mean -> layer3.layers[1].bn1.ema_state_index.init[0]
✅ layer3.1.bn1.running_var -> layer3.layers[1].bn1.ema_state_index.init[1]
✅ layer3.1.bn2.running_mean -> layer3.layers[1].bn2.ema_state_index.init[0]
✅ layer3.1.bn2.running_var -> layer3.layers[1].bn2.ema_state_index.init[1]
✅ layer4.0.bn1.running_mean -> layer4.layers[0].bn1.ema_state_index.init[0]
✅ layer4.0.bn1.running_var -> layer4.layers[0].bn1.ema_state_index.init[1]
✅ layer4.0.bn2.running_mean -> layer4.layers[0].bn2.ema_state_index.init[0]
✅ layer4.0.bn2.running_var -> layer4.layers[0].bn2.ema_state_index.init[1]
✅ layer4.0.downsample.1.running_mean -> layer4.layers[0].downsample.layers[1].ema_state_index.init[0]
✅ layer4.0.downsample.1.running_var -> layer4.layers[0].downsample.layers[1].ema_state_index.init[1]
✅ layer4.1.bn1.running_mean -> layer4.layers[1].bn1.ema_state_index.init[0]
✅ layer4.1.bn1.running_var -> layer4.layers[1].bn1.ema_state_index.init[1]
✅ layer4.1.bn2.running_mean -> layer4.layers[1].bn2.ema_state_index.init[0]
✅ layer4.1.bn2.running_var -> layer4.layers[1].bn2.ema_state_index.init[1]

=== Loading Results ===
✅ Trainable parameters loaded: 62
✅ BatchNorm statistics loaded: 40
❌ Failed loads: 0
=== Flexible Weight Loading ===
PyTorch trainable parameters: 62
✅ conv1.weight -> conv1.weight (64, 3, 7, 7)
✅ bn1.weight -> bn1.weight (64,)
✅ bn1.bias -> bn1.bias (64,)
✅ fc.weight -> fc.weight (1000, 512)
✅ fc.bias -> fc.bias (1000,)
✅ layer1.0.conv1.weight -> layer1.layers[0].conv1.weight (64, 64, 3, 3)
✅ layer1.0.bn1.weight -> layer1.layers[0].bn1.weight (64,)
✅ layer1.0.bn1.bias -> layer1.layers[0].bn1.bias (64,)
✅ layer1.0.conv2.weight -> layer1.layers[0].conv2.weight (64, 64, 3, 3)
✅ layer1.0.bn2.weight -> layer1.layers[0].bn2.weight (64,)
✅ layer1.0.bn2.bias -> layer1.layers[0].bn2.bias (64,)
✅ layer1.1.conv1.weight -> layer1.layers[1].conv1.weight (64, 64, 3, 3)
✅ layer1.1.bn1.weight -> layer1.layers[1].bn1.weight (64,)
✅ layer1.1.bn1.bias -> layer1.layers[1].bn1.bias (64,)
✅ layer1.1.conv2.weight -> layer1.layers[1].conv2.weight (64, 64, 3, 3)
✅ layer1.1.bn2.weight -> layer1.layers[1].bn2.weight (64,)
✅ layer1.1.bn2.bias -> layer1.layers[1].bn2.bias (64,)
✅ layer2.0.conv1.weight -> layer2.layers[0].conv1.weight (128, 64, 3, 3)
✅ layer2.0.bn1.weight -> layer2.layers[0].bn1.weight (128,)
✅ layer2.0.bn1.bias -> layer2.layers[0].bn1.bias (128,)
✅ layer2.0.conv2.weight -> layer2.layers[0].conv2.weight (128, 128, 3, 3)
✅ layer2.0.bn2.weight -> layer2.layers[0].bn2.weight (128,)
✅ layer2.0.bn2.bias -> layer2.layers[0].bn2.bias (128,)
✅ layer2.0.downsample.0.weight -> layer2.layers[0].downsample.layers[0].weight (128, 64, 1, 1)
✅ layer2.0.downsample.1.weight -> layer2.layers[0].downsample.layers[1].weight (128,)
✅ layer2.0.downsample.1.bias -> layer2.layers[0].downsample.layers[1].bias (128,)
✅ layer2.1.conv1.weight -> layer2.layers[1].conv1.weight (128, 128, 3, 3)
✅ layer2.1.bn1.weight -> layer2.layers[1].bn1.weight (128,)
✅ layer2.1.bn1.bias -> layer2.layers[1].bn1.bias (128,)
✅ layer2.1.conv2.weight -> layer2.layers[1].conv2.weight (128, 128, 3, 3)
✅ layer2.1.bn2.weight -> layer2.layers[1].bn2.weight (128,)
✅ layer2.1.bn2.bias -> layer2.layers[1].bn2.bias (128,)
✅ layer3.0.conv1.weight -> layer3.layers[0].conv1.weight (256, 128, 3, 3)
✅ layer3.0.bn1.weight -> layer3.layers[0].bn1.weight (256,)
✅ layer3.0.bn1.bias -> layer3.layers[0].bn1.bias (256,)
✅ layer3.0.conv2.weight -> layer3.layers[0].conv2.weight (256, 256, 3, 3)
✅ layer3.0.bn2.weight -> layer3.layers[0].bn2.weight (256,)
✅ layer3.0.bn2.bias -> layer3.layers[0].bn2.bias (256,)
✅ layer3.0.downsample.0.weight -> layer3.layers[0].downsample.layers[0].weight (256, 128, 1, 1)
✅ layer3.0.downsample.1.weight -> layer3.layers[0].downsample.layers[1].weight (256,)
✅ layer3.0.downsample.1.bias -> layer3.layers[0].downsample.layers[1].bias (256,)
✅ layer3.1.conv1.weight -> layer3.layers[1].conv1.weight (256, 256, 3, 3)
✅ layer3.1.bn1.weight -> layer3.layers[1].bn1.weight (256,)
✅ layer3.1.bn1.bias -> layer3.layers[1].bn1.bias (256,)
✅ layer3.1.conv2.weight -> layer3.layers[1].conv2.weight (256, 256, 3, 3)
✅ layer3.1.bn2.weight -> layer3.layers[1].bn2.weight (256,)
✅ layer3.1.bn2.bias -> layer3.layers[1].bn2.bias (256,)
✅ layer4.0.conv1.weight -> layer4.layers[0].conv1.weight (512, 256, 3, 3)
✅ layer4.0.bn1.weight -> layer4.layers[0].bn1.weight (512,)
✅ layer4.0.bn1.bias -> layer4.layers[0].bn1.bias (512,)
✅ layer4.0.conv2.weight -> layer4.layers[0].conv2.weight (512, 512, 3, 3)
✅ layer4.0.bn2.weight -> layer4.layers[0].bn2.weight (512,)
✅ layer4.0.bn2.bias -> layer4.layers[0].bn2.bias (512,)
✅ layer4.0.downsample.0.weight -> layer4.layers[0].downsample.layers[0].weight (512, 256, 1, 1)
✅ layer4.0.downsample.1.weight -> layer4.layers[0].downsample.layers[1].weight (512,)
✅ layer4.0.downsample.1.bias -> layer4.layers[0].downsample.layers[1].bias (512,)
✅ layer4.1.conv1.weight -> layer4.layers[1].conv1.weight (512, 512, 3, 3)
✅ layer4.1.bn1.weight -> layer4.layers[1].bn1.weight (512,)
✅ layer4.1.bn1.bias -> layer4.layers[1].bn1.bias (512,)
✅ layer4.1.conv2.weight -> layer4.layers[1].conv2.weight (512, 512, 3, 3)
✅ layer4.1.bn2.weight -> layer4.layers[1].bn2.weight (512,)
✅ layer4.1.bn2.bias -> layer4.layers[1].bn2.bias (512,)

=== Loading BatchNorm Running Statistics ===
✅ bn1.running_mean -> bn1.ema_state_index.init[0]
✅ bn1.running_var -> bn1.ema_state_index.init[1]
✅ layer1.0.bn1.running_mean -> layer1.layers[0].bn1.ema_state_index.init[0]
✅ layer1.0.bn1.running_var -> layer1.layers[0].bn1.ema_state_index.init[1]
✅ layer1.0.bn2.running_mean -> layer1.layers[0].bn2.ema_state_index.init[0]
✅ layer1.0.bn2.running_var -> layer1.layers[0].bn2.ema_state_index.init[1]
✅ layer1.1.bn1.running_mean -> layer1.layers[1].bn1.ema_state_index.init[0]
✅ layer1.1.bn1.running_var -> layer1.layers[1].bn1.ema_state_index.init[1]
✅ layer1.1.bn2.running_mean -> layer1.layers[1].bn2.ema_state_index.init[0]
✅ layer1.1.bn2.running_var -> layer1.layers[1].bn2.ema_state_index.init[1]
✅ layer2.0.bn1.running_mean -> layer2.layers[0].bn1.ema_state_index.init[0]
✅ layer2.0.bn1.running_var -> layer2.layers[0].bn1.ema_state_index.init[1]
✅ layer2.0.bn2.running_mean -> layer2.layers[0].bn2.ema_state_index.init[0]
✅ layer2.0.bn2.running_var -> layer2.layers[0].bn2.ema_state_index.init[1]
✅ layer2.0.downsample.1.running_mean -> layer2.layers[0].downsample.layers[1].ema_state_index.init[0]
✅ layer2.0.downsample.1.running_var -> layer2.layers[0].downsample.layers[1].ema_state_index.init[1]
✅ layer2.1.bn1.running_mean -> layer2.layers[1].bn1.ema_state_index.init[0]
✅ layer2.1.bn1.running_var -> layer2.layers[1].bn1.ema_state_index.init[1]
✅ layer2.1.bn2.running_mean -> layer2.layers[1].bn2.ema_state_index.init[0]
✅ layer2.1.bn2.running_var -> layer2.layers[1].bn2.ema_state_index.init[1]
✅ layer3.0.bn1.running_mean -> layer3.layers[0].bn1.ema_state_index.init[0]
✅ layer3.0.bn1.running_var -> layer3.layers[0].bn1.ema_state_index.init[1]
✅ layer3.0.bn2.running_mean -> layer3.layers[0].bn2.ema_state_index.init[0]
✅ layer3.0.bn2.running_var -> layer3.layers[0].bn2.ema_state_index.init[1]
✅ layer3.0.downsample.1.running_mean -> layer3.layers[0].downsample.layers[1].ema_state_index.init[0]
✅ layer3.0.downsample.1.running_var -> layer3.layers[0].downsample.layers[1].ema_state_index.init[1]
✅ layer3.1.bn1.running_mean -> layer3.layers[1].bn1.ema_state_index.init[0]
✅ layer3.1.bn1.running_var -> layer3.layers[1].bn1.ema_state_index.init[1]
✅ layer3.1.bn2.running_mean -> layer3.layers[1].bn2.ema_state_index.init[0]
✅ layer3.1.bn2.running_var -> layer3.layers[1].bn2.ema_state_index.init[1]
✅ layer4.0.bn1.running_mean -> layer4.layers[0].bn1.ema_state_index.init[0]
✅ layer4.0.bn1.running_var -> layer4.layers[0].bn1.ema_state_index.init[1]
✅ layer4.0.bn2.running_mean -> layer4.layers[0].bn2.ema_state_index.init[0]
✅ layer4.0.bn2.running_var -> layer4.layers[0].bn2.ema_state_index.init[1]
✅ layer4.0.downsample.1.running_mean -> layer4.layers[0].downsample.layers[1].ema_state_index.init[0]
✅ layer4.0.downsample.1.running_var -> layer4.layers[0].downsample.layers[1].ema_state_index.init[1]
✅ layer4.1.bn1.running_mean -> layer4.layers[1].bn1.ema_state_index.init[0]
✅ layer4.1.bn1.running_var -> layer4.layers[1].bn1.ema_state_index.init[1]
✅ layer4.1.bn2.running_mean -> layer4.layers[1].bn2.ema_state_index.init[0]
✅ layer4.1.bn2.running_var -> layer4.layers[1].bn2.ema_state_index.init[1]

=== Loading Results ===
✅ Trainable parameters loaded: 62
✅ BatchNorm statistics loaded: 40
❌ Failed loads: 0
=== Flexible Weight Loading ===
PyTorch trainable parameters: 62
✅ conv1.weight -> conv1.weight (64, 3, 7, 7)
✅ bn1.weight -> bn1.weight (64,)
✅ bn1.bias -> bn1.bias (64,)
✅ fc.weight -> fc.weight (1000, 512)
✅ fc.bias -> fc.bias (1000,)
✅ layer1.0.conv1.weight -> layer1.layers[0].conv1.weight (64, 64, 3, 3)
✅ layer1.0.bn1.weight -> layer1.layers[0].bn1.weight (64,)
✅ layer1.0.bn1.bias -> layer1.layers[0].bn1.bias (64,)
✅ layer1.0.conv2.weight -> layer1.layers[0].conv2.weight (64, 64, 3, 3)
✅ layer1.0.bn2.weight -> layer1.layers[0].bn2.weight (64,)
✅ layer1.0.bn2.bias -> layer1.layers[0].bn2.bias (64,)
✅ layer1.1.conv1.weight -> layer1.layers[1].conv1.weight (64, 64, 3, 3)
✅ layer1.1.bn1.weight -> layer1.layers[1].bn1.weight (64,)
✅ layer1.1.bn1.bias -> layer1.layers[1].bn1.bias (64,)
✅ layer1.1.conv2.weight -> layer1.layers[1].conv2.weight (64, 64, 3, 3)
✅ layer1.1.bn2.weight -> layer1.layers[1].bn2.weight (64,)
✅ layer1.1.bn2.bias -> layer1.layers[1].bn2.bias (64,)
✅ layer2.0.conv1.weight -> layer2.layers[0].conv1.weight (128, 64, 3, 3)
✅ layer2.0.bn1.weight -> layer2.layers[0].bn1.weight (128,)
✅ layer2.0.bn1.bias -> layer2.layers[0].bn1.bias (128,)
✅ layer2.0.conv2.weight -> layer2.layers[0].conv2.weight (128, 128, 3, 3)
✅ layer2.0.bn2.weight -> layer2.layers[0].bn2.weight (128,)
✅ layer2.0.bn2.bias -> layer2.layers[0].bn2.bias (128,)
✅ layer2.0.downsample.0.weight -> layer2.layers[0].downsample.layers[0].weight (128, 64, 1, 1)
✅ layer2.0.downsample.1.weight -> layer2.layers[0].downsample.layers[1].weight (128,)
✅ layer2.0.downsample.1.bias -> layer2.layers[0].downsample.layers[1].bias (128,)
✅ layer2.1.conv1.weight -> layer2.layers[1].conv1.weight (128, 128, 3, 3)
✅ layer2.1.bn1.weight -> layer2.layers[1].bn1.weight (128,)
✅ layer2.1.bn1.bias -> layer2.layers[1].bn1.bias (128,)
✅ layer2.1.conv2.weight -> layer2.layers[1].conv2.weight (128, 128, 3, 3)
✅ layer2.1.bn2.weight -> layer2.layers[1].bn2.weight (128,)
✅ layer2.1.bn2.bias -> layer2.layers[1].bn2.bias (128,)
✅ layer3.0.conv1.weight -> layer3.layers[0].conv1.weight (256, 128, 3, 3)
✅ layer3.0.bn1.weight -> layer3.layers[0].bn1.weight (256,)
✅ layer3.0.bn1.bias -> layer3.layers[0].bn1.bias (256,)
✅ layer3.0.conv2.weight -> layer3.layers[0].conv2.weight (256, 256, 3, 3)
✅ layer3.0.bn2.weight -> layer3.layers[0].bn2.weight (256,)
✅ layer3.0.bn2.bias -> layer3.layers[0].bn2.bias (256,)
✅ layer3.0.downsample.0.weight -> layer3.layers[0].downsample.layers[0].weight (256, 128, 1, 1)
✅ layer3.0.downsample.1.weight -> layer3.layers[0].downsample.layers[1].weight (256,)
✅ layer3.0.downsample.1.bias -> layer3.layers[0].downsample.layers[1].bias (256,)
✅ layer3.1.conv1.weight -> layer3.layers[1].conv1.weight (256, 256, 3, 3)
✅ layer3.1.bn1.weight -> layer3.layers[1].bn1.weight (256,)
✅ layer3.1.bn1.bias -> layer3.layers[1].bn1.bias (256,)
✅ layer3.1.conv2.weight -> layer3.layers[1].conv2.weight (256, 256, 3, 3)
✅ layer3.1.bn2.weight -> layer3.layers[1].bn2.weight (256,)
✅ layer3.1.bn2.bias -> layer3.layers[1].bn2.bias (256,)
✅ layer4.0.conv1.weight -> layer4.layers[0].conv1.weight (512, 256, 3, 3)
✅ layer4.0.bn1.weight -> layer4.layers[0].bn1.weight (512,)
✅ layer4.0.bn1.bias -> layer4.layers[0].bn1.bias (512,)
✅ layer4.0.conv2.weight -> layer4.layers[0].conv2.weight (512, 512, 3, 3)
✅ layer4.0.bn2.weight -> layer4.layers[0].bn2.weight (512,)
✅ layer4.0.bn2.bias -> layer4.layers[0].bn2.bias (512,)
✅ layer4.0.downsample.0.weight -> layer4.layers[0].downsample.layers[0].weight (512, 256, 1, 1)
✅ layer4.0.downsample.1.weight -> layer4.layers[0].downsample.layers[1].weight (512,)
✅ layer4.0.downsample.1.bias -> layer4.layers[0].downsample.layers[1].bias (512,)
✅ layer4.1.conv1.weight -> layer4.layers[1].conv1.weight (512, 512, 3, 3)
✅ layer4.1.bn1.weight -> layer4.layers[1].bn1.weight (512,)
✅ layer4.1.bn1.bias -> layer4.layers[1].bn1.bias (512,)
✅ layer4.1.conv2.weight -> layer4.layers[1].conv2.weight (512, 512, 3, 3)
✅ layer4.1.bn2.weight -> layer4.layers[1].bn2.weight (512,)
✅ layer4.1.bn2.bias -> layer4.layers[1].bn2.bias (512,)

=== Loading BatchNorm Running Statistics ===
✅ bn1.running_mean -> bn1.ema_state_index.init[0]
✅ bn1.running_var -> bn1.ema_state_index.init[1]
✅ layer1.0.bn1.running_mean -> layer1.layers[0].bn1.ema_state_index.init[0]
✅ layer1.0.bn1.running_var -> layer1.layers[0].bn1.ema_state_index.init[1]
✅ layer1.0.bn2.running_mean -> layer1.layers[0].bn2.ema_state_index.init[0]
✅ layer1.0.bn2.running_var -> layer1.layers[0].bn2.ema_state_index.init[1]
✅ layer1.1.bn1.running_mean -> layer1.layers[1].bn1.ema_state_index.init[0]
✅ layer1.1.bn1.running_var -> layer1.layers[1].bn1.ema_state_index.init[1]
✅ layer1.1.bn2.running_mean -> layer1.layers[1].bn2.ema_state_index.init[0]
✅ layer1.1.bn2.running_var -> layer1.layers[1].bn2.ema_state_index.init[1]
✅ layer2.0.bn1.running_mean -> layer2.layers[0].bn1.ema_state_index.init[0]
✅ layer2.0.bn1.running_var -> layer2.layers[0].bn1.ema_state_index.init[1]
✅ layer2.0.bn2.running_mean -> layer2.layers[0].bn2.ema_state_index.init[0]
✅ layer2.0.bn2.running_var -> layer2.layers[0].bn2.ema_state_index.init[1]
✅ layer2.0.downsample.1.running_mean -> layer2.layers[0].downsample.layers[1].ema_state_index.init[0]
✅ layer2.0.downsample.1.running_var -> layer2.layers[0].downsample.layers[1].ema_state_index.init[1]
✅ layer2.1.bn1.running_mean -> layer2.layers[1].bn1.ema_state_index.init[0]
✅ layer2.1.bn1.running_var -> layer2.layers[1].bn1.ema_state_index.init[1]
✅ layer2.1.bn2.running_mean -> layer2.layers[1].bn2.ema_state_index.init[0]
✅ layer2.1.bn2.running_var -> layer2.layers[1].bn2.ema_state_index.init[1]
✅ layer3.0.bn1.running_mean -> layer3.layers[0].bn1.ema_state_index.init[0]
✅ layer3.0.bn1.running_var -> layer3.layers[0].bn1.ema_state_index.init[1]
✅ layer3.0.bn2.running_mean -> layer3.layers[0].bn2.ema_state_index.init[0]
✅ layer3.0.bn2.running_var -> layer3.layers[0].bn2.ema_state_index.init[1]
✅ layer3.0.downsample.1.running_mean -> layer3.layers[0].downsample.layers[1].ema_state_index.init[0]
✅ layer3.0.downsample.1.running_var -> layer3.layers[0].downsample.layers[1].ema_state_index.init[1]
✅ layer3.1.bn1.running_mean -> layer3.layers[1].bn1.ema_state_index.init[0]
✅ layer3.1.bn1.running_var -> layer3.layers[1].bn1.ema_state_index.init[1]
✅ layer3.1.bn2.running_mean -> layer3.layers[1].bn2.ema_state_index.init[0]
✅ layer3.1.bn2.running_var -> layer3.layers[1].bn2.ema_state_index.init[1]
✅ layer4.0.bn1.running_mean -> layer4.layers[0].bn1.ema_state_index.init[0]
✅ layer4.0.bn1.running_var -> layer4.layers[0].bn1.ema_state_index.init[1]
✅ layer4.0.bn2.running_mean -> layer4.layers[0].bn2.ema_state_index.init[0]
✅ layer4.0.bn2.running_var -> layer4.layers[0].bn2.ema_state_index.init[1]
✅ layer4.0.downsample.1.running_mean -> layer4.layers[0].downsample.layers[1].ema_state_index.init[0]
✅ layer4.0.downsample.1.running_var -> layer4.layers[0].downsample.layers[1].ema_state_index.init[1]
✅ layer4.1.bn1.running_mean -> layer4.layers[1].bn1.ema_state_index.init[0]
✅ layer4.1.bn1.running_var -> layer4.layers[1].bn1.ema_state_index.init[1]
✅ layer4.1.bn2.running_mean -> layer4.layers[1].bn2.ema_state_index.init[0]
✅ layer4.1.bn2.running_var -> layer4.layers[1].bn2.ema_state_index.init[1]

=== Loading Results ===
✅ Trainable parameters loaded: 62
✅ BatchNorm statistics loaded: 40
❌ Failed loads: 0
=== Flexible Weight Loading ===
PyTorch trainable parameters: 62
✅ conv1.weight -> conv1.weight (64, 3, 7, 7)
✅ bn1.weight -> bn1.weight (64,)
✅ bn1.bias -> bn1.bias (64,)
✅ fc.weight -> fc.weight (1000, 512)
✅ fc.bias -> fc.bias (1000,)
✅ layer1.0.conv1.weight -> layer1.layers[0].conv1.weight (64, 64, 3, 3)
✅ layer1.0.bn1.weight -> layer1.layers[0].bn1.weight (64,)
✅ layer1.0.bn1.bias -> layer1.layers[0].bn1.bias (64,)
✅ layer1.0.conv2.weight -> layer1.layers[0].conv2.weight (64, 64, 3, 3)
✅ layer1.0.bn2.weight -> layer1.layers[0].bn2.weight (64,)
✅ layer1.0.bn2.bias -> layer1.layers[0].bn2.bias (64,)
✅ layer1.1.conv1.weight -> layer1.layers[1].conv1.weight (64, 64, 3, 3)
✅ layer1.1.bn1.weight -> layer1.layers[1].bn1.weight (64,)
✅ layer1.1.bn1.bias -> layer1.layers[1].bn1.bias (64,)
✅ layer1.1.conv2.weight -> layer1.layers[1].conv2.weight (64, 64, 3, 3)
✅ layer1.1.bn2.weight -> layer1.layers[1].bn2.weight (64,)
✅ layer1.1.bn2.bias -> layer1.layers[1].bn2.bias (64,)
✅ layer2.0.conv1.weight -> layer2.layers[0].conv1.weight (128, 64, 3, 3)
✅ layer2.0.bn1.weight -> layer2.layers[0].bn1.weight (128,)
✅ layer2.0.bn1.bias -> layer2.layers[0].bn1.bias (128,)
✅ layer2.0.conv2.weight -> layer2.layers[0].conv2.weight (128, 128, 3, 3)
✅ layer2.0.bn2.weight -> layer2.layers[0].bn2.weight (128,)
✅ layer2.0.bn2.bias -> layer2.layers[0].bn2.bias (128,)
✅ layer2.0.downsample.0.weight -> layer2.layers[0].downsample.layers[0].weight (128, 64, 1, 1)
✅ layer2.0.downsample.1.weight -> layer2.layers[0].downsample.layers[1].weight (128,)
✅ layer2.0.downsample.1.bias -> layer2.layers[0].downsample.layers[1].bias (128,)
✅ layer2.1.conv1.weight -> layer2.layers[1].conv1.weight (128, 128, 3, 3)
✅ layer2.1.bn1.weight -> layer2.layers[1].bn1.weight (128,)
✅ layer2.1.bn1.bias -> layer2.layers[1].bn1.bias (128,)
✅ layer2.1.conv2.weight -> layer2.layers[1].conv2.weight (128, 128, 3, 3)
✅ layer2.1.bn2.weight -> layer2.layers[1].bn2.weight (128,)
✅ layer2.1.bn2.bias -> layer2.layers[1].bn2.bias (128,)
✅ layer3.0.conv1.weight -> layer3.layers[0].conv1.weight (256, 128, 3, 3)
✅ layer3.0.bn1.weight -> layer3.layers[0].bn1.weight (256,)
✅ layer3.0.bn1.bias -> layer3.layers[0].bn1.bias (256,)
✅ layer3.0.conv2.weight -> layer3.layers[0].conv2.weight (256, 256, 3, 3)
✅ layer3.0.bn2.weight -> layer3.layers[0].bn2.weight (256,)
✅ layer3.0.bn2.bias -> layer3.layers[0].bn2.bias (256,)
✅ layer3.0.downsample.0.weight -> layer3.layers[0].downsample.layers[0].weight (256, 128, 1, 1)
✅ layer3.0.downsample.1.weight -> layer3.layers[0].downsample.layers[1].weight (256,)
✅ layer3.0.downsample.1.bias -> layer3.layers[0].downsample.layers[1].bias (256,)
✅ layer3.1.conv1.weight -> layer3.layers[1].conv1.weight (256, 256, 3, 3)
✅ layer3.1.bn1.weight -> layer3.layers[1].bn1.weight (256,)
✅ layer3.1.bn1.bias -> layer3.layers[1].bn1.bias (256,)
✅ layer3.1.conv2.weight -> layer3.layers[1].conv2.weight (256, 256, 3, 3)
✅ layer3.1.bn2.weight -> layer3.layers[1].bn2.weight (256,)
✅ layer3.1.bn2.bias -> layer3.layers[1].bn2.bias (256,)
✅ layer4.0.conv1.weight -> layer4.layers[0].conv1.weight (512, 256, 3, 3)
✅ layer4.0.bn1.weight -> layer4.layers[0].bn1.weight (512,)
✅ layer4.0.bn1.bias -> layer4.layers[0].bn1.bias (512,)
✅ layer4.0.conv2.weight -> layer4.layers[0].conv2.weight (512, 512, 3, 3)
✅ layer4.0.bn2.weight -> layer4.layers[0].bn2.weight (512,)
✅ layer4.0.bn2.bias -> layer4.layers[0].bn2.bias (512,)
✅ layer4.0.downsample.0.weight -> layer4.layers[0].downsample.layers[0].weight (512, 256, 1, 1)
✅ layer4.0.downsample.1.weight -> layer4.layers[0].downsample.layers[1].weight (512,)
✅ layer4.0.downsample.1.bias -> layer4.layers[0].downsample.layers[1].bias (512,)
✅ layer4.1.conv1.weight -> layer4.layers[1].conv1.weight (512, 512, 3, 3)
✅ layer4.1.bn1.weight -> layer4.layers[1].bn1.weight (512,)
✅ layer4.1.bn1.bias -> layer4.layers[1].bn1.bias (512,)
✅ layer4.1.conv2.weight -> layer4.layers[1].conv2.weight (512, 512, 3, 3)
✅ layer4.1.bn2.weight -> layer4.layers[1].bn2.weight (512,)
✅ layer4.1.bn2.bias -> layer4.layers[1].bn2.bias (512,)

=== Loading BatchNorm Running Statistics ===
✅ bn1.running_mean -> bn1.ema_state_index.init[0]
✅ bn1.running_var -> bn1.ema_state_index.init[1]
✅ layer1.0.bn1.running_mean -> layer1.layers[0].bn1.ema_state_index.init[0]
✅ layer1.0.bn1.running_var -> layer1.layers[0].bn1.ema_state_index.init[1]
✅ layer1.0.bn2.running_mean -> layer1.layers[0].bn2.ema_state_index.init[0]
✅ layer1.0.bn2.running_var -> layer1.layers[0].bn2.ema_state_index.init[1]
✅ layer1.1.bn1.running_mean -> layer1.layers[1].bn1.ema_state_index.init[0]
✅ layer1.1.bn1.running_var -> layer1.layers[1].bn1.ema_state_index.init[1]
✅ layer1.1.bn2.running_mean -> layer1.layers[1].bn2.ema_state_index.init[0]
✅ layer1.1.bn2.running_var -> layer1.layers[1].bn2.ema_state_index.init[1]
✅ layer2.0.bn1.running_mean -> layer2.layers[0].bn1.ema_state_index.init[0]
✅ layer2.0.bn1.running_var -> layer2.layers[0].bn1.ema_state_index.init[1]
✅ layer2.0.bn2.running_mean -> layer2.layers[0].bn2.ema_state_index.init[0]
✅ layer2.0.bn2.running_var -> layer2.layers[0].bn2.ema_state_index.init[1]
✅ layer2.0.downsample.1.running_mean -> layer2.layers[0].downsample.layers[1].ema_state_index.init[0]
✅ layer2.0.downsample.1.running_var -> layer2.layers[0].downsample.layers[1].ema_state_index.init[1]
✅ layer2.1.bn1.running_mean -> layer2.layers[1].bn1.ema_state_index.init[0]
✅ layer2.1.bn1.running_var -> layer2.layers[1].bn1.ema_state_index.init[1]
✅ layer2.1.bn2.running_mean -> layer2.layers[1].bn2.ema_state_index.init[0]
✅ layer2.1.bn2.running_var -> layer2.layers[1].bn2.ema_state_index.init[1]
✅ layer3.0.bn1.running_mean -> layer3.layers[0].bn1.ema_state_index.init[0]
✅ layer3.0.bn1.running_var -> layer3.layers[0].bn1.ema_state_index.init[1]
✅ layer3.0.bn2.running_mean -> layer3.layers[0].bn2.ema_state_index.init[0]
✅ layer3.0.bn2.running_var -> layer3.layers[0].bn2.ema_state_index.init[1]
✅ layer3.0.downsample.1.running_mean -> layer3.layers[0].downsample.layers[1].ema_state_index.init[0]
✅ layer3.0.downsample.1.running_var -> layer3.layers[0].downsample.layers[1].ema_state_index.init[1]
✅ layer3.1.bn1.running_mean -> layer3.layers[1].bn1.ema_state_index.init[0]
✅ layer3.1.bn1.running_var -> layer3.layers[1].bn1.ema_state_index.init[1]
✅ layer3.1.bn2.running_mean -> layer3.layers[1].bn2.ema_state_index.init[0]
✅ layer3.1.bn2.running_var -> layer3.layers[1].bn2.ema_state_index.init[1]
✅ layer4.0.bn1.running_mean -> layer4.layers[0].bn1.ema_state_index.init[0]
✅ layer4.0.bn1.running_var -> layer4.layers[0].bn1.ema_state_index.init[1]
✅ layer4.0.bn2.running_mean -> layer4.layers[0].bn2.ema_state_index.init[0]
✅ layer4.0.bn2.running_var -> layer4.layers[0].bn2.ema_state_index.init[1]
✅ layer4.0.downsample.1.running_mean -> layer4.layers[0].downsample.layers[1].ema_state_index.init[0]
✅ layer4.0.downsample.1.running_var -> layer4.layers[0].downsample.layers[1].ema_state_index.init[1]
✅ layer4.1.bn1.running_mean -> layer4.layers[1].bn1.ema_state_index.init[0]
✅ layer4.1.bn1.running_var -> layer4.layers[1].bn1.ema_state_index.init[1]
✅ layer4.1.bn2.running_mean -> layer4.layers[1].bn2.ema_state_index.init[0]
✅ layer4.1.bn2.running_var -> layer4.layers[1].bn2.ema_state_index.init[1]

=== Loading Results ===
✅ Trainable parameters loaded: 62
✅ BatchNorm statistics loaded: 40
❌ Failed loads: 0
=== Flexible Weight Loading ===
PyTorch trainable parameters: 62
✅ conv1.weight -> conv1.weight (64, 3, 7, 7)
✅ bn1.weight -> bn1.weight (64,)
✅ bn1.bias -> bn1.bias (64,)
✅ fc.weight -> fc.weight (1000, 512)
✅ fc.bias -> fc.bias (1000,)
✅ layer1.0.conv1.weight -> layer1.layers[0].conv1.weight (64, 64, 3, 3)
✅ layer1.0.bn1.weight -> layer1.layers[0].bn1.weight (64,)
✅ layer1.0.bn1.bias -> layer1.layers[0].bn1.bias (64,)
✅ layer1.0.conv2.weight -> layer1.layers[0].conv2.weight (64, 64, 3, 3)
✅ layer1.0.bn2.weight -> layer1.layers[0].bn2.weight (64,)
✅ layer1.0.bn2.bias -> layer1.layers[0].bn2.bias (64,)
✅ layer1.1.conv1.weight -> layer1.layers[1].conv1.weight (64, 64, 3, 3)
✅ layer1.1.bn1.weight -> layer1.layers[1].bn1.weight (64,)
✅ layer1.1.bn1.bias -> layer1.layers[1].bn1.bias (64,)
✅ layer1.1.conv2.weight -> layer1.layers[1].conv2.weight (64, 64, 3, 3)
✅ layer1.1.bn2.weight -> layer1.layers[1].bn2.weight (64,)
✅ layer1.1.bn2.bias -> layer1.layers[1].bn2.bias (64,)
✅ layer2.0.conv1.weight -> layer2.layers[0].conv1.weight (128, 64, 3, 3)
✅ layer2.0.bn1.weight -> layer2.layers[0].bn1.weight (128,)
✅ layer2.0.bn1.bias -> layer2.layers[0].bn1.bias (128,)
✅ layer2.0.conv2.weight -> layer2.layers[0].conv2.weight (128, 128, 3, 3)
✅ layer2.0.bn2.weight -> layer2.layers[0].bn2.weight (128,)
✅ layer2.0.bn2.bias -> layer2.layers[0].bn2.bias (128,)
✅ layer2.0.downsample.0.weight -> layer2.layers[0].downsample.layers[0].weight (128, 64, 1, 1)
✅ layer2.0.downsample.1.weight -> layer2.layers[0].downsample.layers[1].weight (128,)
✅ layer2.0.downsample.1.bias -> layer2.layers[0].downsample.layers[1].bias (128,)
✅ layer2.1.conv1.weight -> layer2.layers[1].conv1.weight (128, 128, 3, 3)
✅ layer2.1.bn1.weight -> layer2.layers[1].bn1.weight (128,)
✅ layer2.1.bn1.bias -> layer2.layers[1].bn1.bias (128,)
✅ layer2.1.conv2.weight -> layer2.layers[1].conv2.weight (128, 128, 3, 3)
✅ layer2.1.bn2.weight -> layer2.layers[1].bn2.weight (128,)
✅ layer2.1.bn2.bias -> layer2.layers[1].bn2.bias (128,)
✅ layer3.0.conv1.weight -> layer3.layers[0].conv1.weight (256, 128, 3, 3)
✅ layer3.0.bn1.weight -> layer3.layers[0].bn1.weight (256,)
✅ layer3.0.bn1.bias -> layer3.layers[0].bn1.bias (256,)
✅ layer3.0.conv2.weight -> layer3.layers[0].conv2.weight (256, 256, 3, 3)
✅ layer3.0.bn2.weight -> layer3.layers[0].bn2.weight (256,)
✅ layer3.0.bn2.bias -> layer3.layers[0].bn2.bias (256,)
✅ layer3.0.downsample.0.weight -> layer3.layers[0].downsample.layers[0].weight (256, 128, 1, 1)
✅ layer3.0.downsample.1.weight -> layer3.layers[0].downsample.layers[1].weight (256,)
✅ layer3.0.downsample.1.bias -> layer3.layers[0].downsample.layers[1].bias (256,)
✅ layer3.1.conv1.weight -> layer3.layers[1].conv1.weight (256, 256, 3, 3)
✅ layer3.1.bn1.weight -> layer3.layers[1].bn1.weight (256,)
✅ layer3.1.bn1.bias -> layer3.layers[1].bn1.bias (256,)
✅ layer3.1.conv2.weight -> layer3.layers[1].conv2.weight (256, 256, 3, 3)
✅ layer3.1.bn2.weight -> layer3.layers[1].bn2.weight (256,)
✅ layer3.1.bn2.bias -> layer3.layers[1].bn2.bias (256,)
✅ layer4.0.conv1.weight -> layer4.layers[0].conv1.weight (512, 256, 3, 3)
✅ layer4.0.bn1.weight -> layer4.layers[0].bn1.weight (512,)
✅ layer4.0.bn1.bias -> layer4.layers[0].bn1.bias (512,)
✅ layer4.0.conv2.weight -> layer4.layers[0].conv2.weight (512, 512, 3, 3)
✅ layer4.0.bn2.weight -> layer4.layers[0].bn2.weight (512,)
✅ layer4.0.bn2.bias -> layer4.layers[0].bn2.bias (512,)
✅ layer4.0.downsample.0.weight -> layer4.layers[0].downsample.layers[0].weight (512, 256, 1, 1)
✅ layer4.0.downsample.1.weight -> layer4.layers[0].downsample.layers[1].weight (512,)
✅ layer4.0.downsample.1.bias -> layer4.layers[0].downsample.layers[1].bias (512,)
✅ layer4.1.conv1.weight -> layer4.layers[1].conv1.weight (512, 512, 3, 3)
✅ layer4.1.bn1.weight -> layer4.layers[1].bn1.weight (512,)
✅ layer4.1.bn1.bias -> layer4.layers[1].bn1.bias (512,)
✅ layer4.1.conv2.weight -> layer4.layers[1].conv2.weight (512, 512, 3, 3)
✅ layer4.1.bn2.weight -> layer4.layers[1].bn2.weight (512,)
✅ layer4.1.bn2.bias -> layer4.layers[1].bn2.bias (512,)

=== Loading BatchNorm Running Statistics ===
✅ bn1.running_mean -> bn1.ema_state_index.init[0]
✅ bn1.running_var -> bn1.ema_state_index.init[1]
✅ layer1.0.bn1.running_mean -> layer1.layers[0].bn1.ema_state_index.init[0]
✅ layer1.0.bn1.running_var -> layer1.layers[0].bn1.ema_state_index.init[1]
✅ layer1.0.bn2.running_mean -> layer1.layers[0].bn2.ema_state_index.init[0]
✅ layer1.0.bn2.running_var -> layer1.layers[0].bn2.ema_state_index.init[1]
✅ layer1.1.bn1.running_mean -> layer1.layers[1].bn1.ema_state_index.init[0]
✅ layer1.1.bn1.running_var -> layer1.layers[1].bn1.ema_state_index.init[1]
✅ layer1.1.bn2.running_mean -> layer1.layers[1].bn2.ema_state_index.init[0]
✅ layer1.1.bn2.running_var -> layer1.layers[1].bn2.ema_state_index.init[1]
✅ layer2.0.bn1.running_mean -> layer2.layers[0].bn1.ema_state_index.init[0]
✅ layer2.0.bn1.running_var -> layer2.layers[0].bn1.ema_state_index.init[1]
✅ layer2.0.bn2.running_mean -> layer2.layers[0].bn2.ema_state_index.init[0]
✅ layer2.0.bn2.running_var -> layer2.layers[0].bn2.ema_state_index.init[1]
✅ layer2.0.downsample.1.running_mean -> layer2.layers[0].downsample.layers[1].ema_state_index.init[0]
✅ layer2.0.downsample.1.running_var -> layer2.layers[0].downsample.layers[1].ema_state_index.init[1]
✅ layer2.1.bn1.running_mean -> layer2.layers[1].bn1.ema_state_index.init[0]
✅ layer2.1.bn1.running_var -> layer2.layers[1].bn1.ema_state_index.init[1]
✅ layer2.1.bn2.running_mean -> layer2.layers[1].bn2.ema_state_index.init[0]
✅ layer2.1.bn2.running_var -> layer2.layers[1].bn2.ema_state_index.init[1]
✅ layer3.0.bn1.running_mean -> layer3.layers[0].bn1.ema_state_index.init[0]
✅ layer3.0.bn1.running_var -> layer3.layers[0].bn1.ema_state_index.init[1]
✅ layer3.0.bn2.running_mean -> layer3.layers[0].bn2.ema_state_index.init[0]
✅ layer3.0.bn2.running_var -> layer3.layers[0].bn2.ema_state_index.init[1]
✅ layer3.0.downsample.1.running_mean -> layer3.layers[0].downsample.layers[1].ema_state_index.init[0]
✅ layer3.0.downsample.1.running_var -> layer3.layers[0].downsample.layers[1].ema_state_index.init[1]
✅ layer3.1.bn1.running_mean -> layer3.layers[1].bn1.ema_state_index.init[0]
✅ layer3.1.bn1.running_var -> layer3.layers[1].bn1.ema_state_index.init[1]
✅ layer3.1.bn2.running_mean -> layer3.layers[1].bn2.ema_state_index.init[0]
✅ layer3.1.bn2.running_var -> layer3.layers[1].bn2.ema_state_index.init[1]
✅ layer4.0.bn1.running_mean -> layer4.layers[0].bn1.ema_state_index.init[0]
✅ layer4.0.bn1.running_var -> layer4.layers[0].bn1.ema_state_index.init[1]
✅ layer4.0.bn2.running_mean -> layer4.layers[0].bn2.ema_state_index.init[0]
✅ layer4.0.bn2.running_var -> layer4.layers[0].bn2.ema_state_index.init[1]
✅ layer4.0.downsample.1.running_mean -> layer4.layers[0].downsample.layers[1].ema_state_index.init[0]
✅ layer4.0.downsample.1.running_var -> layer4.layers[0].downsample.layers[1].ema_state_index.init[1]
✅ layer4.1.bn1.running_mean -> layer4.layers[1].bn1.ema_state_index.init[0]
✅ layer4.1.bn1.running_var -> layer4.layers[1].bn1.ema_state_index.init[1]
✅ layer4.1.bn2.running_mean -> layer4.layers[1].bn2.ema_state_index.init[0]
✅ layer4.1.bn2.running_var -> layer4.layers[1].bn2.ema_state_index.init[1]

=== Loading Results ===
✅ Trainable parameters loaded: 62
✅ BatchNorm statistics loaded: 40
❌ Failed loads: 0
=== Flexible Weight Loading ===
PyTorch trainable parameters: 62
✅ conv1.weight -> conv1.weight (64, 3, 7, 7)
✅ bn1.weight -> bn1.weight (64,)
✅ bn1.bias -> bn1.bias (64,)
✅ fc.weight -> fc.weight (1000, 512)
✅ fc.bias -> fc.bias (1000,)
✅ layer1.0.conv1.weight -> layer1.layers[0].conv1.weight (64, 64, 3, 3)
✅ layer1.0.bn1.weight -> layer1.layers[0].bn1.weight (64,)
✅ layer1.0.bn1.bias -> layer1.layers[0].bn1.bias (64,)
✅ layer1.0.conv2.weight -> layer1.layers[0].conv2.weight (64, 64, 3, 3)
✅ layer1.0.bn2.weight -> layer1.layers[0].bn2.weight (64,)
✅ layer1.0.bn2.bias -> layer1.layers[0].bn2.bias (64,)
✅ layer1.1.conv1.weight -> layer1.layers[1].conv1.weight (64, 64, 3, 3)
✅ layer1.1.bn1.weight -> layer1.layers[1].bn1.weight (64,)
✅ layer1.1.bn1.bias -> layer1.layers[1].bn1.bias (64,)
✅ layer1.1.conv2.weight -> layer1.layers[1].conv2.weight (64, 64, 3, 3)
✅ layer1.1.bn2.weight -> layer1.layers[1].bn2.weight (64,)
✅ layer1.1.bn2.bias -> layer1.layers[1].bn2.bias (64,)
✅ layer2.0.conv1.weight -> layer2.layers[0].conv1.weight (128, 64, 3, 3)
✅ layer2.0.bn1.weight -> layer2.layers[0].bn1.weight (128,)
✅ layer2.0.bn1.bias -> layer2.layers[0].bn1.bias (128,)
✅ layer2.0.conv2.weight -> layer2.layers[0].conv2.weight (128, 128, 3, 3)
✅ layer2.0.bn2.weight -> layer2.layers[0].bn2.weight (128,)
✅ layer2.0.bn2.bias -> layer2.layers[0].bn2.bias (128,)
✅ layer2.0.downsample.0.weight -> layer2.layers[0].downsample.layers[0].weight (128, 64, 1, 1)
✅ layer2.0.downsample.1.weight -> layer2.layers[0].downsample.layers[1].weight (128,)
✅ layer2.0.downsample.1.bias -> layer2.layers[0].downsample.layers[1].bias (128,)
✅ layer2.1.conv1.weight -> layer2.layers[1].conv1.weight (128, 128, 3, 3)
✅ layer2.1.bn1.weight -> layer2.layers[1].bn1.weight (128,)
✅ layer2.1.bn1.bias -> layer2.layers[1].bn1.bias (128,)
✅ layer2.1.conv2.weight -> layer2.layers[1].conv2.weight (128, 128, 3, 3)
✅ layer2.1.bn2.weight -> layer2.layers[1].bn2.weight (128,)
✅ layer2.1.bn2.bias -> layer2.layers[1].bn2.bias (128,)
✅ layer3.0.conv1.weight -> layer3.layers[0].conv1.weight (256, 128, 3, 3)
✅ layer3.0.bn1.weight -> layer3.layers[0].bn1.weight (256,)
✅ layer3.0.bn1.bias -> layer3.layers[0].bn1.bias (256,)
✅ layer3.0.conv2.weight -> layer3.layers[0].conv2.weight (256, 256, 3, 3)
✅ layer3.0.bn2.weight -> layer3.layers[0].bn2.weight (256,)
✅ layer3.0.bn2.bias -> layer3.layers[0].bn2.bias (256,)
✅ layer3.0.downsample.0.weight -> layer3.layers[0].downsample.layers[0].weight (256, 128, 1, 1)
✅ layer3.0.downsample.1.weight -> layer3.layers[0].downsample.layers[1].weight (256,)
✅ layer3.0.downsample.1.bias -> layer3.layers[0].downsample.layers[1].bias (256,)
✅ layer3.1.conv1.weight -> layer3.layers[1].conv1.weight (256, 256, 3, 3)
✅ layer3.1.bn1.weight -> layer3.layers[1].bn1.weight (256,)
✅ layer3.1.bn1.bias -> layer3.layers[1].bn1.bias (256,)
✅ layer3.1.conv2.weight -> layer3.layers[1].conv2.weight (256, 256, 3, 3)
✅ layer3.1.bn2.weight -> layer3.layers[1].bn2.weight (256,)
✅ layer3.1.bn2.bias -> layer3.layers[1].bn2.bias (256,)
✅ layer4.0.conv1.weight -> layer4.layers[0].conv1.weight (512, 256, 3, 3)
✅ layer4.0.bn1.weight -> layer4.layers[0].bn1.weight (512,)
✅ layer4.0.bn1.bias -> layer4.layers[0].bn1.bias (512,)
✅ layer4.0.conv2.weight -> layer4.layers[0].conv2.weight (512, 512, 3, 3)
✅ layer4.0.bn2.weight -> layer4.layers[0].bn2.weight (512,)
✅ layer4.0.bn2.bias -> layer4.layers[0].bn2.bias (512,)
✅ layer4.0.downsample.0.weight -> layer4.layers[0].downsample.layers[0].weight (512, 256, 1, 1)
✅ layer4.0.downsample.1.weight -> layer4.layers[0].downsample.layers[1].weight (512,)
✅ layer4.0.downsample.1.bias -> layer4.layers[0].downsample.layers[1].bias (512,)
✅ layer4.1.conv1.weight -> layer4.layers[1].conv1.weight (512, 512, 3, 3)
✅ layer4.1.bn1.weight -> layer4.layers[1].bn1.weight (512,)
✅ layer4.1.bn1.bias -> layer4.layers[1].bn1.bias (512,)
✅ layer4.1.conv2.weight -> layer4.layers[1].conv2.weight (512, 512, 3, 3)
✅ layer4.1.bn2.weight -> layer4.layers[1].bn2.weight (512,)
✅ layer4.1.bn2.bias -> layer4.layers[1].bn2.bias (512,)

=== Loading BatchNorm Running Statistics ===
✅ bn1.running_mean -> bn1.ema_state_index.init[0]
✅ bn1.running_var -> bn1.ema_state_index.init[1]
✅ layer1.0.bn1.running_mean -> layer1.layers[0].bn1.ema_state_index.init[0]
✅ layer1.0.bn1.running_var -> layer1.layers[0].bn1.ema_state_index.init[1]
✅ layer1.0.bn2.running_mean -> layer1.layers[0].bn2.ema_state_index.init[0]
✅ layer1.0.bn2.running_var -> layer1.layers[0].bn2.ema_state_index.init[1]
✅ layer1.1.bn1.running_mean -> layer1.layers[1].bn1.ema_state_index.init[0]
✅ layer1.1.bn1.running_var -> layer1.layers[1].bn1.ema_state_index.init[1]
✅ layer1.1.bn2.running_mean -> layer1.layers[1].bn2.ema_state_index.init[0]
✅ layer1.1.bn2.running_var -> layer1.layers[1].bn2.ema_state_index.init[1]
✅ layer2.0.bn1.running_mean -> layer2.layers[0].bn1.ema_state_index.init[0]
✅ layer2.0.bn1.running_var -> layer2.layers[0].bn1.ema_state_index.init[1]
✅ layer2.0.bn2.running_mean -> layer2.layers[0].bn2.ema_state_index.init[0]
✅ layer2.0.bn2.running_var -> layer2.layers[0].bn2.ema_state_index.init[1]
✅ layer2.0.downsample.1.running_mean -> layer2.layers[0].downsample.layers[1].ema_state_index.init[0]
✅ layer2.0.downsample.1.running_var -> layer2.layers[0].downsample.layers[1].ema_state_index.init[1]
✅ layer2.1.bn1.running_mean -> layer2.layers[1].bn1.ema_state_index.init[0]
✅ layer2.1.bn1.running_var -> layer2.layers[1].bn1.ema_state_index.init[1]
✅ layer2.1.bn2.running_mean -> layer2.layers[1].bn2.ema_state_index.init[0]
✅ layer2.1.bn2.running_var -> layer2.layers[1].bn2.ema_state_index.init[1]
✅ layer3.0.bn1.running_mean -> layer3.layers[0].bn1.ema_state_index.init[0]
✅ layer3.0.bn1.running_var -> layer3.layers[0].bn1.ema_state_index.init[1]
✅ layer3.0.bn2.running_mean -> layer3.layers[0].bn2.ema_state_index.init[0]
✅ layer3.0.bn2.running_var -> layer3.layers[0].bn2.ema_state_index.init[1]
✅ layer3.0.downsample.1.running_mean -> layer3.layers[0].downsample.layers[1].ema_state_index.init[0]
✅ layer3.0.downsample.1.running_var -> layer3.layers[0].downsample.layers[1].ema_state_index.init[1]
✅ layer3.1.bn1.running_mean -> layer3.layers[1].bn1.ema_state_index.init[0]
✅ layer3.1.bn1.running_var -> layer3.layers[1].bn1.ema_state_index.init[1]
✅ layer3.1.bn2.running_mean -> layer3.layers[1].bn2.ema_state_index.init[0]
✅ layer3.1.bn2.running_var -> layer3.layers[1].bn2.ema_state_index.init[1]
✅ layer4.0.bn1.running_mean -> layer4.layers[0].bn1.ema_state_index.init[0]
✅ layer4.0.bn1.running_var -> layer4.layers[0].bn1.ema_state_index.init[1]
✅ layer4.0.bn2.running_mean -> layer4.layers[0].bn2.ema_state_index.init[0]
✅ layer4.0.bn2.running_var -> layer4.layers[0].bn2.ema_state_index.init[1]
✅ layer4.0.downsample.1.running_mean -> layer4.layers[0].downsample.layers[1].ema_state_index.init[0]
✅ layer4.0.downsample.1.running_var -> layer4.layers[0].downsample.layers[1].ema_state_index.init[1]
✅ layer4.1.bn1.running_mean -> layer4.layers[1].bn1.ema_state_index.init[0]
✅ layer4.1.bn1.running_var -> layer4.layers[1].bn1.ema_state_index.init[1]
✅ layer4.1.bn2.running_mean -> layer4.layers[1].bn2.ema_state_index.init[0]
✅ layer4.1.bn2.running_var -> layer4.layers[1].bn2.ema_state_index.init[1]

=== Loading Results ===
✅ Trainable parameters loaded: 62
✅ BatchNorm statistics loaded: 40
❌ Failed loads: 0
Checkpoint loaded from /data/user_data/saksham3/double_insert_rl_checkpoints/td-n_n60_reward_typeneg_lr0.0001_seed3/checkpoint_step_20000.eqx (step: 20000)
Normalization function: <function normalize_zscore at 0x1523fe7ccf40>
Using regular network for value function
Pre-compiling 3 augmentation chains with vmap...
Camera 0: Compiled JIT + vmap augmentation chain
Camera 1: Compiled JIT + vmap augmentation chain
Camera 2: Compiled JIT + vmap augmentation chain
Successfully pre-compiled all 3 augmentation chains
Value function and augmentation agent initialized
Computing value function...
Computed 4343 values
Generating video frames...
Saving MP4 video to videos_neg/sim_double_insert_round4_0606_hdf5_0.mp4...
Video saved successfully to videos_neg/sim_double_insert_round4_0606_hdf5_0.mp4
Logging GIF video to wandb...
GIF video logged successfully to wandb.
Wandb run finished.
Completed visualization for sim_double_insert_round4_0606_hdf5 with VF2
Processing dataset 4/5: sim_double_insert_full_success_r5_hdf5
Wandb run initiated with name: sim_double_insert_full_success_r5_hdf5_0
Decoding images...
Loading value function from /data/user_data/saksham3/double_insert_rl_checkpoints/td-n_n60_reward_typeneg_lr0.0001_seed3/checkpoint_step_20000.eqx...
=== Flexible Weight Loading ===
PyTorch trainable parameters: 62
✅ conv1.weight -> conv1.weight (64, 3, 7, 7)
✅ bn1.weight -> bn1.weight (64,)
✅ bn1.bias -> bn1.bias (64,)
✅ fc.weight -> fc.weight (1000, 512)
✅ fc.bias -> fc.bias (1000,)
✅ layer1.0.conv1.weight -> layer1.layers[0].conv1.weight (64, 64, 3, 3)
✅ layer1.0.bn1.weight -> layer1.layers[0].bn1.weight (64,)
✅ layer1.0.bn1.bias -> layer1.layers[0].bn1.bias (64,)
✅ layer1.0.conv2.weight -> layer1.layers[0].conv2.weight (64, 64, 3, 3)
✅ layer1.0.bn2.weight -> layer1.layers[0].bn2.weight (64,)
✅ layer1.0.bn2.bias -> layer1.layers[0].bn2.bias (64,)
✅ layer1.1.conv1.weight -> layer1.layers[1].conv1.weight (64, 64, 3, 3)
✅ layer1.1.bn1.weight -> layer1.layers[1].bn1.weight (64,)
✅ layer1.1.bn1.bias -> layer1.layers[1].bn1.bias (64,)
✅ layer1.1.conv2.weight -> layer1.layers[1].conv2.weight (64, 64, 3, 3)
✅ layer1.1.bn2.weight -> layer1.layers[1].bn2.weight (64,)
✅ layer1.1.bn2.bias -> layer1.layers[1].bn2.bias (64,)
✅ layer2.0.conv1.weight -> layer2.layers[0].conv1.weight (128, 64, 3, 3)
✅ layer2.0.bn1.weight -> layer2.layers[0].bn1.weight (128,)
✅ layer2.0.bn1.bias -> layer2.layers[0].bn1.bias (128,)
✅ layer2.0.conv2.weight -> layer2.layers[0].conv2.weight (128, 128, 3, 3)
✅ layer2.0.bn2.weight -> layer2.layers[0].bn2.weight (128,)
✅ layer2.0.bn2.bias -> layer2.layers[0].bn2.bias (128,)
✅ layer2.0.downsample.0.weight -> layer2.layers[0].downsample.layers[0].weight (128, 64, 1, 1)
✅ layer2.0.downsample.1.weight -> layer2.layers[0].downsample.layers[1].weight (128,)
✅ layer2.0.downsample.1.bias -> layer2.layers[0].downsample.layers[1].bias (128,)
✅ layer2.1.conv1.weight -> layer2.layers[1].conv1.weight (128, 128, 3, 3)
✅ layer2.1.bn1.weight -> layer2.layers[1].bn1.weight (128,)
✅ layer2.1.bn1.bias -> layer2.layers[1].bn1.bias (128,)
✅ layer2.1.conv2.weight -> layer2.layers[1].conv2.weight (128, 128, 3, 3)
✅ layer2.1.bn2.weight -> layer2.layers[1].bn2.weight (128,)
✅ layer2.1.bn2.bias -> layer2.layers[1].bn2.bias (128,)
✅ layer3.0.conv1.weight -> layer3.layers[0].conv1.weight (256, 128, 3, 3)
✅ layer3.0.bn1.weight -> layer3.layers[0].bn1.weight (256,)
✅ layer3.0.bn1.bias -> layer3.layers[0].bn1.bias (256,)
✅ layer3.0.conv2.weight -> layer3.layers[0].conv2.weight (256, 256, 3, 3)
✅ layer3.0.bn2.weight -> layer3.layers[0].bn2.weight (256,)
✅ layer3.0.bn2.bias -> layer3.layers[0].bn2.bias (256,)
✅ layer3.0.downsample.0.weight -> layer3.layers[0].downsample.layers[0].weight (256, 128, 1, 1)
✅ layer3.0.downsample.1.weight -> layer3.layers[0].downsample.layers[1].weight (256,)
✅ layer3.0.downsample.1.bias -> layer3.layers[0].downsample.layers[1].bias (256,)
✅ layer3.1.conv1.weight -> layer3.layers[1].conv1.weight (256, 256, 3, 3)
✅ layer3.1.bn1.weight -> layer3.layers[1].bn1.weight (256,)
✅ layer3.1.bn1.bias -> layer3.layers[1].bn1.bias (256,)
✅ layer3.1.conv2.weight -> layer3.layers[1].conv2.weight (256, 256, 3, 3)
✅ layer3.1.bn2.weight -> layer3.layers[1].bn2.weight (256,)
✅ layer3.1.bn2.bias -> layer3.layers[1].bn2.bias (256,)
✅ layer4.0.conv1.weight -> layer4.layers[0].conv1.weight (512, 256, 3, 3)
✅ layer4.0.bn1.weight -> layer4.layers[0].bn1.weight (512,)
✅ layer4.0.bn1.bias -> layer4.layers[0].bn1.bias (512,)
✅ layer4.0.conv2.weight -> layer4.layers[0].conv2.weight (512, 512, 3, 3)
✅ layer4.0.bn2.weight -> layer4.layers[0].bn2.weight (512,)
✅ layer4.0.bn2.bias -> layer4.layers[0].bn2.bias (512,)
✅ layer4.0.downsample.0.weight -> layer4.layers[0].downsample.layers[0].weight (512, 256, 1, 1)
✅ layer4.0.downsample.1.weight -> layer4.layers[0].downsample.layers[1].weight (512,)
✅ layer4.0.downsample.1.bias -> layer4.layers[0].downsample.layers[1].bias (512,)
✅ layer4.1.conv1.weight -> layer4.layers[1].conv1.weight (512, 512, 3, 3)
✅ layer4.1.bn1.weight -> layer4.layers[1].bn1.weight (512,)
✅ layer4.1.bn1.bias -> layer4.layers[1].bn1.bias (512,)
✅ layer4.1.conv2.weight -> layer4.layers[1].conv2.weight (512, 512, 3, 3)
✅ layer4.1.bn2.weight -> layer4.layers[1].bn2.weight (512,)
✅ layer4.1.bn2.bias -> layer4.layers[1].bn2.bias (512,)

=== Loading BatchNorm Running Statistics ===
✅ bn1.running_mean -> bn1.ema_state_index.init[0]
✅ bn1.running_var -> bn1.ema_state_index.init[1]
✅ layer1.0.bn1.running_mean -> layer1.layers[0].bn1.ema_state_index.init[0]
✅ layer1.0.bn1.running_var -> layer1.layers[0].bn1.ema_state_index.init[1]
✅ layer1.0.bn2.running_mean -> layer1.layers[0].bn2.ema_state_index.init[0]
✅ layer1.0.bn2.running_var -> layer1.layers[0].bn2.ema_state_index.init[1]
✅ layer1.1.bn1.running_mean -> layer1.layers[1].bn1.ema_state_index.init[0]
✅ layer1.1.bn1.running_var -> layer1.layers[1].bn1.ema_state_index.init[1]
✅ layer1.1.bn2.running_mean -> layer1.layers[1].bn2.ema_state_index.init[0]
✅ layer1.1.bn2.running_var -> layer1.layers[1].bn2.ema_state_index.init[1]
✅ layer2.0.bn1.running_mean -> layer2.layers[0].bn1.ema_state_index.init[0]
✅ layer2.0.bn1.running_var -> layer2.layers[0].bn1.ema_state_index.init[1]
✅ layer2.0.bn2.running_mean -> layer2.layers[0].bn2.ema_state_index.init[0]
✅ layer2.0.bn2.running_var -> layer2.layers[0].bn2.ema_state_index.init[1]
✅ layer2.0.downsample.1.running_mean -> layer2.layers[0].downsample.layers[1].ema_state_index.init[0]
✅ layer2.0.downsample.1.running_var -> layer2.layers[0].downsample.layers[1].ema_state_index.init[1]
✅ layer2.1.bn1.running_mean -> layer2.layers[1].bn1.ema_state_index.init[0]
✅ layer2.1.bn1.running_var -> layer2.layers[1].bn1.ema_state_index.init[1]
✅ layer2.1.bn2.running_mean -> layer2.layers[1].bn2.ema_state_index.init[0]
✅ layer2.1.bn2.running_var -> layer2.layers[1].bn2.ema_state_index.init[1]
✅ layer3.0.bn1.running_mean -> layer3.layers[0].bn1.ema_state_index.init[0]
✅ layer3.0.bn1.running_var -> layer3.layers[0].bn1.ema_state_index.init[1]
✅ layer3.0.bn2.running_mean -> layer3.layers[0].bn2.ema_state_index.init[0]
✅ layer3.0.bn2.running_var -> layer3.layers[0].bn2.ema_state_index.init[1]
✅ layer3.0.downsample.1.running_mean -> layer3.layers[0].downsample.layers[1].ema_state_index.init[0]
✅ layer3.0.downsample.1.running_var -> layer3.layers[0].downsample.layers[1].ema_state_index.init[1]
✅ layer3.1.bn1.running_mean -> layer3.layers[1].bn1.ema_state_index.init[0]
✅ layer3.1.bn1.running_var -> layer3.layers[1].bn1.ema_state_index.init[1]
✅ layer3.1.bn2.running_mean -> layer3.layers[1].bn2.ema_state_index.init[0]
✅ layer3.1.bn2.running_var -> layer3.layers[1].bn2.ema_state_index.init[1]
✅ layer4.0.bn1.running_mean -> layer4.layers[0].bn1.ema_state_index.init[0]
✅ layer4.0.bn1.running_var -> layer4.layers[0].bn1.ema_state_index.init[1]
✅ layer4.0.bn2.running_mean -> layer4.layers[0].bn2.ema_state_index.init[0]
✅ layer4.0.bn2.running_var -> layer4.layers[0].bn2.ema_state_index.init[1]
✅ layer4.0.downsample.1.running_mean -> layer4.layers[0].downsample.layers[1].ema_state_index.init[0]
✅ layer4.0.downsample.1.running_var -> layer4.layers[0].downsample.layers[1].ema_state_index.init[1]
✅ layer4.1.bn1.running_mean -> layer4.layers[1].bn1.ema_state_index.init[0]
✅ layer4.1.bn1.running_var -> layer4.layers[1].bn1.ema_state_index.init[1]
✅ layer4.1.bn2.running_mean -> layer4.layers[1].bn2.ema_state_index.init[0]
✅ layer4.1.bn2.running_var -> layer4.layers[1].bn2.ema_state_index.init[1]

=== Loading Results ===
✅ Trainable parameters loaded: 62
✅ BatchNorm statistics loaded: 40
❌ Failed loads: 0
=== Flexible Weight Loading ===
PyTorch trainable parameters: 62
✅ conv1.weight -> conv1.weight (64, 3, 7, 7)
✅ bn1.weight -> bn1.weight (64,)
✅ bn1.bias -> bn1.bias (64,)
✅ fc.weight -> fc.weight (1000, 512)
✅ fc.bias -> fc.bias (1000,)
✅ layer1.0.conv1.weight -> layer1.layers[0].conv1.weight (64, 64, 3, 3)
✅ layer1.0.bn1.weight -> layer1.layers[0].bn1.weight (64,)
✅ layer1.0.bn1.bias -> layer1.layers[0].bn1.bias (64,)
✅ layer1.0.conv2.weight -> layer1.layers[0].conv2.weight (64, 64, 3, 3)
✅ layer1.0.bn2.weight -> layer1.layers[0].bn2.weight (64,)
✅ layer1.0.bn2.bias -> layer1.layers[0].bn2.bias (64,)
✅ layer1.1.conv1.weight -> layer1.layers[1].conv1.weight (64, 64, 3, 3)
✅ layer1.1.bn1.weight -> layer1.layers[1].bn1.weight (64,)
✅ layer1.1.bn1.bias -> layer1.layers[1].bn1.bias (64,)
✅ layer1.1.conv2.weight -> layer1.layers[1].conv2.weight (64, 64, 3, 3)
✅ layer1.1.bn2.weight -> layer1.layers[1].bn2.weight (64,)
✅ layer1.1.bn2.bias -> layer1.layers[1].bn2.bias (64,)
✅ layer2.0.conv1.weight -> layer2.layers[0].conv1.weight (128, 64, 3, 3)
✅ layer2.0.bn1.weight -> layer2.layers[0].bn1.weight (128,)
✅ layer2.0.bn1.bias -> layer2.layers[0].bn1.bias (128,)
✅ layer2.0.conv2.weight -> layer2.layers[0].conv2.weight (128, 128, 3, 3)
✅ layer2.0.bn2.weight -> layer2.layers[0].bn2.weight (128,)
✅ layer2.0.bn2.bias -> layer2.layers[0].bn2.bias (128,)
✅ layer2.0.downsample.0.weight -> layer2.layers[0].downsample.layers[0].weight (128, 64, 1, 1)
✅ layer2.0.downsample.1.weight -> layer2.layers[0].downsample.layers[1].weight (128,)
✅ layer2.0.downsample.1.bias -> layer2.layers[0].downsample.layers[1].bias (128,)
✅ layer2.1.conv1.weight -> layer2.layers[1].conv1.weight (128, 128, 3, 3)
✅ layer2.1.bn1.weight -> layer2.layers[1].bn1.weight (128,)
✅ layer2.1.bn1.bias -> layer2.layers[1].bn1.bias (128,)
✅ layer2.1.conv2.weight -> layer2.layers[1].conv2.weight (128, 128, 3, 3)
✅ layer2.1.bn2.weight -> layer2.layers[1].bn2.weight (128,)
✅ layer2.1.bn2.bias -> layer2.layers[1].bn2.bias (128,)
✅ layer3.0.conv1.weight -> layer3.layers[0].conv1.weight (256, 128, 3, 3)
✅ layer3.0.bn1.weight -> layer3.layers[0].bn1.weight (256,)
✅ layer3.0.bn1.bias -> layer3.layers[0].bn1.bias (256,)
✅ layer3.0.conv2.weight -> layer3.layers[0].conv2.weight (256, 256, 3, 3)
✅ layer3.0.bn2.weight -> layer3.layers[0].bn2.weight (256,)
✅ layer3.0.bn2.bias -> layer3.layers[0].bn2.bias (256,)
✅ layer3.0.downsample.0.weight -> layer3.layers[0].downsample.layers[0].weight (256, 128, 1, 1)
✅ layer3.0.downsample.1.weight -> layer3.layers[0].downsample.layers[1].weight (256,)
✅ layer3.0.downsample.1.bias -> layer3.layers[0].downsample.layers[1].bias (256,)
✅ layer3.1.conv1.weight -> layer3.layers[1].conv1.weight (256, 256, 3, 3)
✅ layer3.1.bn1.weight -> layer3.layers[1].bn1.weight (256,)
✅ layer3.1.bn1.bias -> layer3.layers[1].bn1.bias (256,)
✅ layer3.1.conv2.weight -> layer3.layers[1].conv2.weight (256, 256, 3, 3)
✅ layer3.1.bn2.weight -> layer3.layers[1].bn2.weight (256,)
✅ layer3.1.bn2.bias -> layer3.layers[1].bn2.bias (256,)
✅ layer4.0.conv1.weight -> layer4.layers[0].conv1.weight (512, 256, 3, 3)
✅ layer4.0.bn1.weight -> layer4.layers[0].bn1.weight (512,)
✅ layer4.0.bn1.bias -> layer4.layers[0].bn1.bias (512,)
✅ layer4.0.conv2.weight -> layer4.layers[0].conv2.weight (512, 512, 3, 3)
✅ layer4.0.bn2.weight -> layer4.layers[0].bn2.weight (512,)
✅ layer4.0.bn2.bias -> layer4.layers[0].bn2.bias (512,)
✅ layer4.0.downsample.0.weight -> layer4.layers[0].downsample.layers[0].weight (512, 256, 1, 1)
✅ layer4.0.downsample.1.weight -> layer4.layers[0].downsample.layers[1].weight (512,)
✅ layer4.0.downsample.1.bias -> layer4.layers[0].downsample.layers[1].bias (512,)
✅ layer4.1.conv1.weight -> layer4.layers[1].conv1.weight (512, 512, 3, 3)
✅ layer4.1.bn1.weight -> layer4.layers[1].bn1.weight (512,)
✅ layer4.1.bn1.bias -> layer4.layers[1].bn1.bias (512,)
✅ layer4.1.conv2.weight -> layer4.layers[1].conv2.weight (512, 512, 3, 3)
✅ layer4.1.bn2.weight -> layer4.layers[1].bn2.weight (512,)
✅ layer4.1.bn2.bias -> layer4.layers[1].bn2.bias (512,)

=== Loading BatchNorm Running Statistics ===
✅ bn1.running_mean -> bn1.ema_state_index.init[0]
✅ bn1.running_var -> bn1.ema_state_index.init[1]
✅ layer1.0.bn1.running_mean -> layer1.layers[0].bn1.ema_state_index.init[0]
✅ layer1.0.bn1.running_var -> layer1.layers[0].bn1.ema_state_index.init[1]
✅ layer1.0.bn2.running_mean -> layer1.layers[0].bn2.ema_state_index.init[0]
✅ layer1.0.bn2.running_var -> layer1.layers[0].bn2.ema_state_index.init[1]
✅ layer1.1.bn1.running_mean -> layer1.layers[1].bn1.ema_state_index.init[0]
✅ layer1.1.bn1.running_var -> layer1.layers[1].bn1.ema_state_index.init[1]
✅ layer1.1.bn2.running_mean -> layer1.layers[1].bn2.ema_state_index.init[0]
✅ layer1.1.bn2.running_var -> layer1.layers[1].bn2.ema_state_index.init[1]
✅ layer2.0.bn1.running_mean -> layer2.layers[0].bn1.ema_state_index.init[0]
✅ layer2.0.bn1.running_var -> layer2.layers[0].bn1.ema_state_index.init[1]
✅ layer2.0.bn2.running_mean -> layer2.layers[0].bn2.ema_state_index.init[0]
✅ layer2.0.bn2.running_var -> layer2.layers[0].bn2.ema_state_index.init[1]
✅ layer2.0.downsample.1.running_mean -> layer2.layers[0].downsample.layers[1].ema_state_index.init[0]
✅ layer2.0.downsample.1.running_var -> layer2.layers[0].downsample.layers[1].ema_state_index.init[1]
✅ layer2.1.bn1.running_mean -> layer2.layers[1].bn1.ema_state_index.init[0]
✅ layer2.1.bn1.running_var -> layer2.layers[1].bn1.ema_state_index.init[1]
✅ layer2.1.bn2.running_mean -> layer2.layers[1].bn2.ema_state_index.init[0]
✅ layer2.1.bn2.running_var -> layer2.layers[1].bn2.ema_state_index.init[1]
✅ layer3.0.bn1.running_mean -> layer3.layers[0].bn1.ema_state_index.init[0]
✅ layer3.0.bn1.running_var -> layer3.layers[0].bn1.ema_state_index.init[1]
✅ layer3.0.bn2.running_mean -> layer3.layers[0].bn2.ema_state_index.init[0]
✅ layer3.0.bn2.running_var -> layer3.layers[0].bn2.ema_state_index.init[1]
✅ layer3.0.downsample.1.running_mean -> layer3.layers[0].downsample.layers[1].ema_state_index.init[0]
✅ layer3.0.downsample.1.running_var -> layer3.layers[0].downsample.layers[1].ema_state_index.init[1]
✅ layer3.1.bn1.running_mean -> layer3.layers[1].bn1.ema_state_index.init[0]
✅ layer3.1.bn1.running_var -> layer3.layers[1].bn1.ema_state_index.init[1]
✅ layer3.1.bn2.running_mean -> layer3.layers[1].bn2.ema_state_index.init[0]
✅ layer3.1.bn2.running_var -> layer3.layers[1].bn2.ema_state_index.init[1]
✅ layer4.0.bn1.running_mean -> layer4.layers[0].bn1.ema_state_index.init[0]
✅ layer4.0.bn1.running_var -> layer4.layers[0].bn1.ema_state_index.init[1]
✅ layer4.0.bn2.running_mean -> layer4.layers[0].bn2.ema_state_index.init[0]
✅ layer4.0.bn2.running_var -> layer4.layers[0].bn2.ema_state_index.init[1]
✅ layer4.0.downsample.1.running_mean -> layer4.layers[0].downsample.layers[1].ema_state_index.init[0]
✅ layer4.0.downsample.1.running_var -> layer4.layers[0].downsample.layers[1].ema_state_index.init[1]
✅ layer4.1.bn1.running_mean -> layer4.layers[1].bn1.ema_state_index.init[0]
✅ layer4.1.bn1.running_var -> layer4.layers[1].bn1.ema_state_index.init[1]
✅ layer4.1.bn2.running_mean -> layer4.layers[1].bn2.ema_state_index.init[0]
✅ layer4.1.bn2.running_var -> layer4.layers[1].bn2.ema_state_index.init[1]

=== Loading Results ===
✅ Trainable parameters loaded: 62
✅ BatchNorm statistics loaded: 40
❌ Failed loads: 0
=== Flexible Weight Loading ===
PyTorch trainable parameters: 62
✅ conv1.weight -> conv1.weight (64, 3, 7, 7)
✅ bn1.weight -> bn1.weight (64,)
✅ bn1.bias -> bn1.bias (64,)
✅ fc.weight -> fc.weight (1000, 512)
✅ fc.bias -> fc.bias (1000,)
✅ layer1.0.conv1.weight -> layer1.layers[0].conv1.weight (64, 64, 3, 3)
✅ layer1.0.bn1.weight -> layer1.layers[0].bn1.weight (64,)
✅ layer1.0.bn1.bias -> layer1.layers[0].bn1.bias (64,)
✅ layer1.0.conv2.weight -> layer1.layers[0].conv2.weight (64, 64, 3, 3)
✅ layer1.0.bn2.weight -> layer1.layers[0].bn2.weight (64,)
✅ layer1.0.bn2.bias -> layer1.layers[0].bn2.bias (64,)
✅ layer1.1.conv1.weight -> layer1.layers[1].conv1.weight (64, 64, 3, 3)
✅ layer1.1.bn1.weight -> layer1.layers[1].bn1.weight (64,)
✅ layer1.1.bn1.bias -> layer1.layers[1].bn1.bias (64,)
✅ layer1.1.conv2.weight -> layer1.layers[1].conv2.weight (64, 64, 3, 3)
✅ layer1.1.bn2.weight -> layer1.layers[1].bn2.weight (64,)
✅ layer1.1.bn2.bias -> layer1.layers[1].bn2.bias (64,)
✅ layer2.0.conv1.weight -> layer2.layers[0].conv1.weight (128, 64, 3, 3)
✅ layer2.0.bn1.weight -> layer2.layers[0].bn1.weight (128,)
✅ layer2.0.bn1.bias -> layer2.layers[0].bn1.bias (128,)
✅ layer2.0.conv2.weight -> layer2.layers[0].conv2.weight (128, 128, 3, 3)
✅ layer2.0.bn2.weight -> layer2.layers[0].bn2.weight (128,)
✅ layer2.0.bn2.bias -> layer2.layers[0].bn2.bias (128,)
✅ layer2.0.downsample.0.weight -> layer2.layers[0].downsample.layers[0].weight (128, 64, 1, 1)
✅ layer2.0.downsample.1.weight -> layer2.layers[0].downsample.layers[1].weight (128,)
✅ layer2.0.downsample.1.bias -> layer2.layers[0].downsample.layers[1].bias (128,)
✅ layer2.1.conv1.weight -> layer2.layers[1].conv1.weight (128, 128, 3, 3)
✅ layer2.1.bn1.weight -> layer2.layers[1].bn1.weight (128,)
✅ layer2.1.bn1.bias -> layer2.layers[1].bn1.bias (128,)
✅ layer2.1.conv2.weight -> layer2.layers[1].conv2.weight (128, 128, 3, 3)
✅ layer2.1.bn2.weight -> layer2.layers[1].bn2.weight (128,)
✅ layer2.1.bn2.bias -> layer2.layers[1].bn2.bias (128,)
✅ layer3.0.conv1.weight -> layer3.layers[0].conv1.weight (256, 128, 3, 3)
✅ layer3.0.bn1.weight -> layer3.layers[0].bn1.weight (256,)
✅ layer3.0.bn1.bias -> layer3.layers[0].bn1.bias (256,)
✅ layer3.0.conv2.weight -> layer3.layers[0].conv2.weight (256, 256, 3, 3)
✅ layer3.0.bn2.weight -> layer3.layers[0].bn2.weight (256,)
✅ layer3.0.bn2.bias -> layer3.layers[0].bn2.bias (256,)
✅ layer3.0.downsample.0.weight -> layer3.layers[0].downsample.layers[0].weight (256, 128, 1, 1)
✅ layer3.0.downsample.1.weight -> layer3.layers[0].downsample.layers[1].weight (256,)
✅ layer3.0.downsample.1.bias -> layer3.layers[0].downsample.layers[1].bias (256,)
✅ layer3.1.conv1.weight -> layer3.layers[1].conv1.weight (256, 256, 3, 3)
✅ layer3.1.bn1.weight -> layer3.layers[1].bn1.weight (256,)
✅ layer3.1.bn1.bias -> layer3.layers[1].bn1.bias (256,)
✅ layer3.1.conv2.weight -> layer3.layers[1].conv2.weight (256, 256, 3, 3)
✅ layer3.1.bn2.weight -> layer3.layers[1].bn2.weight (256,)
✅ layer3.1.bn2.bias -> layer3.layers[1].bn2.bias (256,)
✅ layer4.0.conv1.weight -> layer4.layers[0].conv1.weight (512, 256, 3, 3)
✅ layer4.0.bn1.weight -> layer4.layers[0].bn1.weight (512,)
✅ layer4.0.bn1.bias -> layer4.layers[0].bn1.bias (512,)
✅ layer4.0.conv2.weight -> layer4.layers[0].conv2.weight (512, 512, 3, 3)
✅ layer4.0.bn2.weight -> layer4.layers[0].bn2.weight (512,)
✅ layer4.0.bn2.bias -> layer4.layers[0].bn2.bias (512,)
✅ layer4.0.downsample.0.weight -> layer4.layers[0].downsample.layers[0].weight (512, 256, 1, 1)
✅ layer4.0.downsample.1.weight -> layer4.layers[0].downsample.layers[1].weight (512,)
✅ layer4.0.downsample.1.bias -> layer4.layers[0].downsample.layers[1].bias (512,)
✅ layer4.1.conv1.weight -> layer4.layers[1].conv1.weight (512, 512, 3, 3)
✅ layer4.1.bn1.weight -> layer4.layers[1].bn1.weight (512,)
✅ layer4.1.bn1.bias -> layer4.layers[1].bn1.bias (512,)
✅ layer4.1.conv2.weight -> layer4.layers[1].conv2.weight (512, 512, 3, 3)
✅ layer4.1.bn2.weight -> layer4.layers[1].bn2.weight (512,)
✅ layer4.1.bn2.bias -> layer4.layers[1].bn2.bias (512,)

=== Loading BatchNorm Running Statistics ===
✅ bn1.running_mean -> bn1.ema_state_index.init[0]
✅ bn1.running_var -> bn1.ema_state_index.init[1]
✅ layer1.0.bn1.running_mean -> layer1.layers[0].bn1.ema_state_index.init[0]
✅ layer1.0.bn1.running_var -> layer1.layers[0].bn1.ema_state_index.init[1]
✅ layer1.0.bn2.running_mean -> layer1.layers[0].bn2.ema_state_index.init[0]
✅ layer1.0.bn2.running_var -> layer1.layers[0].bn2.ema_state_index.init[1]
✅ layer1.1.bn1.running_mean -> layer1.layers[1].bn1.ema_state_index.init[0]
✅ layer1.1.bn1.running_var -> layer1.layers[1].bn1.ema_state_index.init[1]
✅ layer1.1.bn2.running_mean -> layer1.layers[1].bn2.ema_state_index.init[0]
✅ layer1.1.bn2.running_var -> layer1.layers[1].bn2.ema_state_index.init[1]
✅ layer2.0.bn1.running_mean -> layer2.layers[0].bn1.ema_state_index.init[0]
✅ layer2.0.bn1.running_var -> layer2.layers[0].bn1.ema_state_index.init[1]
✅ layer2.0.bn2.running_mean -> layer2.layers[0].bn2.ema_state_index.init[0]
✅ layer2.0.bn2.running_var -> layer2.layers[0].bn2.ema_state_index.init[1]
✅ layer2.0.downsample.1.running_mean -> layer2.layers[0].downsample.layers[1].ema_state_index.init[0]
✅ layer2.0.downsample.1.running_var -> layer2.layers[0].downsample.layers[1].ema_state_index.init[1]
✅ layer2.1.bn1.running_mean -> layer2.layers[1].bn1.ema_state_index.init[0]
✅ layer2.1.bn1.running_var -> layer2.layers[1].bn1.ema_state_index.init[1]
✅ layer2.1.bn2.running_mean -> layer2.layers[1].bn2.ema_state_index.init[0]
✅ layer2.1.bn2.running_var -> layer2.layers[1].bn2.ema_state_index.init[1]
✅ layer3.0.bn1.running_mean -> layer3.layers[0].bn1.ema_state_index.init[0]
✅ layer3.0.bn1.running_var -> layer3.layers[0].bn1.ema_state_index.init[1]
✅ layer3.0.bn2.running_mean -> layer3.layers[0].bn2.ema_state_index.init[0]
✅ layer3.0.bn2.running_var -> layer3.layers[0].bn2.ema_state_index.init[1]
✅ layer3.0.downsample.1.running_mean -> layer3.layers[0].downsample.layers[1].ema_state_index.init[0]
✅ layer3.0.downsample.1.running_var -> layer3.layers[0].downsample.layers[1].ema_state_index.init[1]
✅ layer3.1.bn1.running_mean -> layer3.layers[1].bn1.ema_state_index.init[0]
✅ layer3.1.bn1.running_var -> layer3.layers[1].bn1.ema_state_index.init[1]
✅ layer3.1.bn2.running_mean -> layer3.layers[1].bn2.ema_state_index.init[0]
✅ layer3.1.bn2.running_var -> layer3.layers[1].bn2.ema_state_index.init[1]
✅ layer4.0.bn1.running_mean -> layer4.layers[0].bn1.ema_state_index.init[0]
✅ layer4.0.bn1.running_var -> layer4.layers[0].bn1.ema_state_index.init[1]
✅ layer4.0.bn2.running_mean -> layer4.layers[0].bn2.ema_state_index.init[0]
✅ layer4.0.bn2.running_var -> layer4.layers[0].bn2.ema_state_index.init[1]
✅ layer4.0.downsample.1.running_mean -> layer4.layers[0].downsample.layers[1].ema_state_index.init[0]
✅ layer4.0.downsample.1.running_var -> layer4.layers[0].downsample.layers[1].ema_state_index.init[1]
✅ layer4.1.bn1.running_mean -> layer4.layers[1].bn1.ema_state_index.init[0]
✅ layer4.1.bn1.running_var -> layer4.layers[1].bn1.ema_state_index.init[1]
✅ layer4.1.bn2.running_mean -> layer4.layers[1].bn2.ema_state_index.init[0]
✅ layer4.1.bn2.running_var -> layer4.layers[1].bn2.ema_state_index.init[1]

=== Loading Results ===
✅ Trainable parameters loaded: 62
✅ BatchNorm statistics loaded: 40
❌ Failed loads: 0
=== Flexible Weight Loading ===
PyTorch trainable parameters: 62
✅ conv1.weight -> conv1.weight (64, 3, 7, 7)
✅ bn1.weight -> bn1.weight (64,)
✅ bn1.bias -> bn1.bias (64,)
✅ fc.weight -> fc.weight (1000, 512)
✅ fc.bias -> fc.bias (1000,)
✅ layer1.0.conv1.weight -> layer1.layers[0].conv1.weight (64, 64, 3, 3)
✅ layer1.0.bn1.weight -> layer1.layers[0].bn1.weight (64,)
✅ layer1.0.bn1.bias -> layer1.layers[0].bn1.bias (64,)
✅ layer1.0.conv2.weight -> layer1.layers[0].conv2.weight (64, 64, 3, 3)
✅ layer1.0.bn2.weight -> layer1.layers[0].bn2.weight (64,)
✅ layer1.0.bn2.bias -> layer1.layers[0].bn2.bias (64,)
✅ layer1.1.conv1.weight -> layer1.layers[1].conv1.weight (64, 64, 3, 3)
✅ layer1.1.bn1.weight -> layer1.layers[1].bn1.weight (64,)
✅ layer1.1.bn1.bias -> layer1.layers[1].bn1.bias (64,)
✅ layer1.1.conv2.weight -> layer1.layers[1].conv2.weight (64, 64, 3, 3)
✅ layer1.1.bn2.weight -> layer1.layers[1].bn2.weight (64,)
✅ layer1.1.bn2.bias -> layer1.layers[1].bn2.bias (64,)
✅ layer2.0.conv1.weight -> layer2.layers[0].conv1.weight (128, 64, 3, 3)
✅ layer2.0.bn1.weight -> layer2.layers[0].bn1.weight (128,)
✅ layer2.0.bn1.bias -> layer2.layers[0].bn1.bias (128,)
✅ layer2.0.conv2.weight -> layer2.layers[0].conv2.weight (128, 128, 3, 3)
✅ layer2.0.bn2.weight -> layer2.layers[0].bn2.weight (128,)
✅ layer2.0.bn2.bias -> layer2.layers[0].bn2.bias (128,)
✅ layer2.0.downsample.0.weight -> layer2.layers[0].downsample.layers[0].weight (128, 64, 1, 1)
✅ layer2.0.downsample.1.weight -> layer2.layers[0].downsample.layers[1].weight (128,)
✅ layer2.0.downsample.1.bias -> layer2.layers[0].downsample.layers[1].bias (128,)
✅ layer2.1.conv1.weight -> layer2.layers[1].conv1.weight (128, 128, 3, 3)
✅ layer2.1.bn1.weight -> layer2.layers[1].bn1.weight (128,)
✅ layer2.1.bn1.bias -> layer2.layers[1].bn1.bias (128,)
✅ layer2.1.conv2.weight -> layer2.layers[1].conv2.weight (128, 128, 3, 3)
✅ layer2.1.bn2.weight -> layer2.layers[1].bn2.weight (128,)
✅ layer2.1.bn2.bias -> layer2.layers[1].bn2.bias (128,)
✅ layer3.0.conv1.weight -> layer3.layers[0].conv1.weight (256, 128, 3, 3)
✅ layer3.0.bn1.weight -> layer3.layers[0].bn1.weight (256,)
✅ layer3.0.bn1.bias -> layer3.layers[0].bn1.bias (256,)
✅ layer3.0.conv2.weight -> layer3.layers[0].conv2.weight (256, 256, 3, 3)
✅ layer3.0.bn2.weight -> layer3.layers[0].bn2.weight (256,)
✅ layer3.0.bn2.bias -> layer3.layers[0].bn2.bias (256,)
✅ layer3.0.downsample.0.weight -> layer3.layers[0].downsample.layers[0].weight (256, 128, 1, 1)
✅ layer3.0.downsample.1.weight -> layer3.layers[0].downsample.layers[1].weight (256,)
✅ layer3.0.downsample.1.bias -> layer3.layers[0].downsample.layers[1].bias (256,)
✅ layer3.1.conv1.weight -> layer3.layers[1].conv1.weight (256, 256, 3, 3)
✅ layer3.1.bn1.weight -> layer3.layers[1].bn1.weight (256,)
✅ layer3.1.bn1.bias -> layer3.layers[1].bn1.bias (256,)
✅ layer3.1.conv2.weight -> layer3.layers[1].conv2.weight (256, 256, 3, 3)
✅ layer3.1.bn2.weight -> layer3.layers[1].bn2.weight (256,)
✅ layer3.1.bn2.bias -> layer3.layers[1].bn2.bias (256,)
✅ layer4.0.conv1.weight -> layer4.layers[0].conv1.weight (512, 256, 3, 3)
✅ layer4.0.bn1.weight -> layer4.layers[0].bn1.weight (512,)
✅ layer4.0.bn1.bias -> layer4.layers[0].bn1.bias (512,)
✅ layer4.0.conv2.weight -> layer4.layers[0].conv2.weight (512, 512, 3, 3)
✅ layer4.0.bn2.weight -> layer4.layers[0].bn2.weight (512,)
✅ layer4.0.bn2.bias -> layer4.layers[0].bn2.bias (512,)
✅ layer4.0.downsample.0.weight -> layer4.layers[0].downsample.layers[0].weight (512, 256, 1, 1)
✅ layer4.0.downsample.1.weight -> layer4.layers[0].downsample.layers[1].weight (512,)
✅ layer4.0.downsample.1.bias -> layer4.layers[0].downsample.layers[1].bias (512,)
✅ layer4.1.conv1.weight -> layer4.layers[1].conv1.weight (512, 512, 3, 3)
✅ layer4.1.bn1.weight -> layer4.layers[1].bn1.weight (512,)
✅ layer4.1.bn1.bias -> layer4.layers[1].bn1.bias (512,)
✅ layer4.1.conv2.weight -> layer4.layers[1].conv2.weight (512, 512, 3, 3)
✅ layer4.1.bn2.weight -> layer4.layers[1].bn2.weight (512,)
✅ layer4.1.bn2.bias -> layer4.layers[1].bn2.bias (512,)

=== Loading BatchNorm Running Statistics ===
✅ bn1.running_mean -> bn1.ema_state_index.init[0]
✅ bn1.running_var -> bn1.ema_state_index.init[1]
✅ layer1.0.bn1.running_mean -> layer1.layers[0].bn1.ema_state_index.init[0]
✅ layer1.0.bn1.running_var -> layer1.layers[0].bn1.ema_state_index.init[1]
✅ layer1.0.bn2.running_mean -> layer1.layers[0].bn2.ema_state_index.init[0]
✅ layer1.0.bn2.running_var -> layer1.layers[0].bn2.ema_state_index.init[1]
✅ layer1.1.bn1.running_mean -> layer1.layers[1].bn1.ema_state_index.init[0]
✅ layer1.1.bn1.running_var -> layer1.layers[1].bn1.ema_state_index.init[1]
✅ layer1.1.bn2.running_mean -> layer1.layers[1].bn2.ema_state_index.init[0]
✅ layer1.1.bn2.running_var -> layer1.layers[1].bn2.ema_state_index.init[1]
✅ layer2.0.bn1.running_mean -> layer2.layers[0].bn1.ema_state_index.init[0]
✅ layer2.0.bn1.running_var -> layer2.layers[0].bn1.ema_state_index.init[1]
✅ layer2.0.bn2.running_mean -> layer2.layers[0].bn2.ema_state_index.init[0]
✅ layer2.0.bn2.running_var -> layer2.layers[0].bn2.ema_state_index.init[1]
✅ layer2.0.downsample.1.running_mean -> layer2.layers[0].downsample.layers[1].ema_state_index.init[0]
✅ layer2.0.downsample.1.running_var -> layer2.layers[0].downsample.layers[1].ema_state_index.init[1]
✅ layer2.1.bn1.running_mean -> layer2.layers[1].bn1.ema_state_index.init[0]
✅ layer2.1.bn1.running_var -> layer2.layers[1].bn1.ema_state_index.init[1]
✅ layer2.1.bn2.running_mean -> layer2.layers[1].bn2.ema_state_index.init[0]
✅ layer2.1.bn2.running_var -> layer2.layers[1].bn2.ema_state_index.init[1]
✅ layer3.0.bn1.running_mean -> layer3.layers[0].bn1.ema_state_index.init[0]
✅ layer3.0.bn1.running_var -> layer3.layers[0].bn1.ema_state_index.init[1]
✅ layer3.0.bn2.running_mean -> layer3.layers[0].bn2.ema_state_index.init[0]
✅ layer3.0.bn2.running_var -> layer3.layers[0].bn2.ema_state_index.init[1]
✅ layer3.0.downsample.1.running_mean -> layer3.layers[0].downsample.layers[1].ema_state_index.init[0]
✅ layer3.0.downsample.1.running_var -> layer3.layers[0].downsample.layers[1].ema_state_index.init[1]
✅ layer3.1.bn1.running_mean -> layer3.layers[1].bn1.ema_state_index.init[0]
✅ layer3.1.bn1.running_var -> layer3.layers[1].bn1.ema_state_index.init[1]
✅ layer3.1.bn2.running_mean -> layer3.layers[1].bn2.ema_state_index.init[0]
✅ layer3.1.bn2.running_var -> layer3.layers[1].bn2.ema_state_index.init[1]
✅ layer4.0.bn1.running_mean -> layer4.layers[0].bn1.ema_state_index.init[0]
✅ layer4.0.bn1.running_var -> layer4.layers[0].bn1.ema_state_index.init[1]
✅ layer4.0.bn2.running_mean -> layer4.layers[0].bn2.ema_state_index.init[0]
✅ layer4.0.bn2.running_var -> layer4.layers[0].bn2.ema_state_index.init[1]
✅ layer4.0.downsample.1.running_mean -> layer4.layers[0].downsample.layers[1].ema_state_index.init[0]
✅ layer4.0.downsample.1.running_var -> layer4.layers[0].downsample.layers[1].ema_state_index.init[1]
✅ layer4.1.bn1.running_mean -> layer4.layers[1].bn1.ema_state_index.init[0]
✅ layer4.1.bn1.running_var -> layer4.layers[1].bn1.ema_state_index.init[1]
✅ layer4.1.bn2.running_mean -> layer4.layers[1].bn2.ema_state_index.init[0]
✅ layer4.1.bn2.running_var -> layer4.layers[1].bn2.ema_state_index.init[1]

=== Loading Results ===
✅ Trainable parameters loaded: 62
✅ BatchNorm statistics loaded: 40
❌ Failed loads: 0
=== Flexible Weight Loading ===
PyTorch trainable parameters: 62
✅ conv1.weight -> conv1.weight (64, 3, 7, 7)
✅ bn1.weight -> bn1.weight (64,)
✅ bn1.bias -> bn1.bias (64,)
✅ fc.weight -> fc.weight (1000, 512)
✅ fc.bias -> fc.bias (1000,)
✅ layer1.0.conv1.weight -> layer1.layers[0].conv1.weight (64, 64, 3, 3)
✅ layer1.0.bn1.weight -> layer1.layers[0].bn1.weight (64,)
✅ layer1.0.bn1.bias -> layer1.layers[0].bn1.bias (64,)
✅ layer1.0.conv2.weight -> layer1.layers[0].conv2.weight (64, 64, 3, 3)
✅ layer1.0.bn2.weight -> layer1.layers[0].bn2.weight (64,)
✅ layer1.0.bn2.bias -> layer1.layers[0].bn2.bias (64,)
✅ layer1.1.conv1.weight -> layer1.layers[1].conv1.weight (64, 64, 3, 3)
✅ layer1.1.bn1.weight -> layer1.layers[1].bn1.weight (64,)
✅ layer1.1.bn1.bias -> layer1.layers[1].bn1.bias (64,)
✅ layer1.1.conv2.weight -> layer1.layers[1].conv2.weight (64, 64, 3, 3)
✅ layer1.1.bn2.weight -> layer1.layers[1].bn2.weight (64,)
✅ layer1.1.bn2.bias -> layer1.layers[1].bn2.bias (64,)
✅ layer2.0.conv1.weight -> layer2.layers[0].conv1.weight (128, 64, 3, 3)
✅ layer2.0.bn1.weight -> layer2.layers[0].bn1.weight (128,)
✅ layer2.0.bn1.bias -> layer2.layers[0].bn1.bias (128,)
✅ layer2.0.conv2.weight -> layer2.layers[0].conv2.weight (128, 128, 3, 3)
✅ layer2.0.bn2.weight -> layer2.layers[0].bn2.weight (128,)
✅ layer2.0.bn2.bias -> layer2.layers[0].bn2.bias (128,)
✅ layer2.0.downsample.0.weight -> layer2.layers[0].downsample.layers[0].weight (128, 64, 1, 1)
✅ layer2.0.downsample.1.weight -> layer2.layers[0].downsample.layers[1].weight (128,)
✅ layer2.0.downsample.1.bias -> layer2.layers[0].downsample.layers[1].bias (128,)
✅ layer2.1.conv1.weight -> layer2.layers[1].conv1.weight (128, 128, 3, 3)
✅ layer2.1.bn1.weight -> layer2.layers[1].bn1.weight (128,)
✅ layer2.1.bn1.bias -> layer2.layers[1].bn1.bias (128,)
✅ layer2.1.conv2.weight -> layer2.layers[1].conv2.weight (128, 128, 3, 3)
✅ layer2.1.bn2.weight -> layer2.layers[1].bn2.weight (128,)
✅ layer2.1.bn2.bias -> layer2.layers[1].bn2.bias (128,)
✅ layer3.0.conv1.weight -> layer3.layers[0].conv1.weight (256, 128, 3, 3)
✅ layer3.0.bn1.weight -> layer3.layers[0].bn1.weight (256,)
✅ layer3.0.bn1.bias -> layer3.layers[0].bn1.bias (256,)
✅ layer3.0.conv2.weight -> layer3.layers[0].conv2.weight (256, 256, 3, 3)
✅ layer3.0.bn2.weight -> layer3.layers[0].bn2.weight (256,)
✅ layer3.0.bn2.bias -> layer3.layers[0].bn2.bias (256,)
✅ layer3.0.downsample.0.weight -> layer3.layers[0].downsample.layers[0].weight (256, 128, 1, 1)
✅ layer3.0.downsample.1.weight -> layer3.layers[0].downsample.layers[1].weight (256,)
✅ layer3.0.downsample.1.bias -> layer3.layers[0].downsample.layers[1].bias (256,)
✅ layer3.1.conv1.weight -> layer3.layers[1].conv1.weight (256, 256, 3, 3)
✅ layer3.1.bn1.weight -> layer3.layers[1].bn1.weight (256,)
✅ layer3.1.bn1.bias -> layer3.layers[1].bn1.bias (256,)
✅ layer3.1.conv2.weight -> layer3.layers[1].conv2.weight (256, 256, 3, 3)
✅ layer3.1.bn2.weight -> layer3.layers[1].bn2.weight (256,)
✅ layer3.1.bn2.bias -> layer3.layers[1].bn2.bias (256,)
✅ layer4.0.conv1.weight -> layer4.layers[0].conv1.weight (512, 256, 3, 3)
✅ layer4.0.bn1.weight -> layer4.layers[0].bn1.weight (512,)
✅ layer4.0.bn1.bias -> layer4.layers[0].bn1.bias (512,)
✅ layer4.0.conv2.weight -> layer4.layers[0].conv2.weight (512, 512, 3, 3)
✅ layer4.0.bn2.weight -> layer4.layers[0].bn2.weight (512,)
✅ layer4.0.bn2.bias -> layer4.layers[0].bn2.bias (512,)
✅ layer4.0.downsample.0.weight -> layer4.layers[0].downsample.layers[0].weight (512, 256, 1, 1)
✅ layer4.0.downsample.1.weight -> layer4.layers[0].downsample.layers[1].weight (512,)
✅ layer4.0.downsample.1.bias -> layer4.layers[0].downsample.layers[1].bias (512,)
✅ layer4.1.conv1.weight -> layer4.layers[1].conv1.weight (512, 512, 3, 3)
✅ layer4.1.bn1.weight -> layer4.layers[1].bn1.weight (512,)
✅ layer4.1.bn1.bias -> layer4.layers[1].bn1.bias (512,)
✅ layer4.1.conv2.weight -> layer4.layers[1].conv2.weight (512, 512, 3, 3)
✅ layer4.1.bn2.weight -> layer4.layers[1].bn2.weight (512,)
✅ layer4.1.bn2.bias -> layer4.layers[1].bn2.bias (512,)

=== Loading BatchNorm Running Statistics ===
✅ bn1.running_mean -> bn1.ema_state_index.init[0]
✅ bn1.running_var -> bn1.ema_state_index.init[1]
✅ layer1.0.bn1.running_mean -> layer1.layers[0].bn1.ema_state_index.init[0]
✅ layer1.0.bn1.running_var -> layer1.layers[0].bn1.ema_state_index.init[1]
✅ layer1.0.bn2.running_mean -> layer1.layers[0].bn2.ema_state_index.init[0]
✅ layer1.0.bn2.running_var -> layer1.layers[0].bn2.ema_state_index.init[1]
✅ layer1.1.bn1.running_mean -> layer1.layers[1].bn1.ema_state_index.init[0]
✅ layer1.1.bn1.running_var -> layer1.layers[1].bn1.ema_state_index.init[1]
✅ layer1.1.bn2.running_mean -> layer1.layers[1].bn2.ema_state_index.init[0]
✅ layer1.1.bn2.running_var -> layer1.layers[1].bn2.ema_state_index.init[1]
✅ layer2.0.bn1.running_mean -> layer2.layers[0].bn1.ema_state_index.init[0]
✅ layer2.0.bn1.running_var -> layer2.layers[0].bn1.ema_state_index.init[1]
✅ layer2.0.bn2.running_mean -> layer2.layers[0].bn2.ema_state_index.init[0]
✅ layer2.0.bn2.running_var -> layer2.layers[0].bn2.ema_state_index.init[1]
✅ layer2.0.downsample.1.running_mean -> layer2.layers[0].downsample.layers[1].ema_state_index.init[0]
✅ layer2.0.downsample.1.running_var -> layer2.layers[0].downsample.layers[1].ema_state_index.init[1]
✅ layer2.1.bn1.running_mean -> layer2.layers[1].bn1.ema_state_index.init[0]
✅ layer2.1.bn1.running_var -> layer2.layers[1].bn1.ema_state_index.init[1]
✅ layer2.1.bn2.running_mean -> layer2.layers[1].bn2.ema_state_index.init[0]
✅ layer2.1.bn2.running_var -> layer2.layers[1].bn2.ema_state_index.init[1]
✅ layer3.0.bn1.running_mean -> layer3.layers[0].bn1.ema_state_index.init[0]
✅ layer3.0.bn1.running_var -> layer3.layers[0].bn1.ema_state_index.init[1]
✅ layer3.0.bn2.running_mean -> layer3.layers[0].bn2.ema_state_index.init[0]
✅ layer3.0.bn2.running_var -> layer3.layers[0].bn2.ema_state_index.init[1]
✅ layer3.0.downsample.1.running_mean -> layer3.layers[0].downsample.layers[1].ema_state_index.init[0]
✅ layer3.0.downsample.1.running_var -> layer3.layers[0].downsample.layers[1].ema_state_index.init[1]
✅ layer3.1.bn1.running_mean -> layer3.layers[1].bn1.ema_state_index.init[0]
✅ layer3.1.bn1.running_var -> layer3.layers[1].bn1.ema_state_index.init[1]
✅ layer3.1.bn2.running_mean -> layer3.layers[1].bn2.ema_state_index.init[0]
✅ layer3.1.bn2.running_var -> layer3.layers[1].bn2.ema_state_index.init[1]
✅ layer4.0.bn1.running_mean -> layer4.layers[0].bn1.ema_state_index.init[0]
✅ layer4.0.bn1.running_var -> layer4.layers[0].bn1.ema_state_index.init[1]
✅ layer4.0.bn2.running_mean -> layer4.layers[0].bn2.ema_state_index.init[0]
✅ layer4.0.bn2.running_var -> layer4.layers[0].bn2.ema_state_index.init[1]
✅ layer4.0.downsample.1.running_mean -> layer4.layers[0].downsample.layers[1].ema_state_index.init[0]
✅ layer4.0.downsample.1.running_var -> layer4.layers[0].downsample.layers[1].ema_state_index.init[1]
✅ layer4.1.bn1.running_mean -> layer4.layers[1].bn1.ema_state_index.init[0]
✅ layer4.1.bn1.running_var -> layer4.layers[1].bn1.ema_state_index.init[1]
✅ layer4.1.bn2.running_mean -> layer4.layers[1].bn2.ema_state_index.init[0]
✅ layer4.1.bn2.running_var -> layer4.layers[1].bn2.ema_state_index.init[1]

=== Loading Results ===
✅ Trainable parameters loaded: 62
✅ BatchNorm statistics loaded: 40
❌ Failed loads: 0
=== Flexible Weight Loading ===
PyTorch trainable parameters: 62
✅ conv1.weight -> conv1.weight (64, 3, 7, 7)
✅ bn1.weight -> bn1.weight (64,)
✅ bn1.bias -> bn1.bias (64,)
✅ fc.weight -> fc.weight (1000, 512)
✅ fc.bias -> fc.bias (1000,)
✅ layer1.0.conv1.weight -> layer1.layers[0].conv1.weight (64, 64, 3, 3)
✅ layer1.0.bn1.weight -> layer1.layers[0].bn1.weight (64,)
✅ layer1.0.bn1.bias -> layer1.layers[0].bn1.bias (64,)
✅ layer1.0.conv2.weight -> layer1.layers[0].conv2.weight (64, 64, 3, 3)
✅ layer1.0.bn2.weight -> layer1.layers[0].bn2.weight (64,)
✅ layer1.0.bn2.bias -> layer1.layers[0].bn2.bias (64,)
✅ layer1.1.conv1.weight -> layer1.layers[1].conv1.weight (64, 64, 3, 3)
✅ layer1.1.bn1.weight -> layer1.layers[1].bn1.weight (64,)
✅ layer1.1.bn1.bias -> layer1.layers[1].bn1.bias (64,)
✅ layer1.1.conv2.weight -> layer1.layers[1].conv2.weight (64, 64, 3, 3)
✅ layer1.1.bn2.weight -> layer1.layers[1].bn2.weight (64,)
✅ layer1.1.bn2.bias -> layer1.layers[1].bn2.bias (64,)
✅ layer2.0.conv1.weight -> layer2.layers[0].conv1.weight (128, 64, 3, 3)
✅ layer2.0.bn1.weight -> layer2.layers[0].bn1.weight (128,)
✅ layer2.0.bn1.bias -> layer2.layers[0].bn1.bias (128,)
✅ layer2.0.conv2.weight -> layer2.layers[0].conv2.weight (128, 128, 3, 3)
✅ layer2.0.bn2.weight -> layer2.layers[0].bn2.weight (128,)
✅ layer2.0.bn2.bias -> layer2.layers[0].bn2.bias (128,)
✅ layer2.0.downsample.0.weight -> layer2.layers[0].downsample.layers[0].weight (128, 64, 1, 1)
✅ layer2.0.downsample.1.weight -> layer2.layers[0].downsample.layers[1].weight (128,)
✅ layer2.0.downsample.1.bias -> layer2.layers[0].downsample.layers[1].bias (128,)
✅ layer2.1.conv1.weight -> layer2.layers[1].conv1.weight (128, 128, 3, 3)
✅ layer2.1.bn1.weight -> layer2.layers[1].bn1.weight (128,)
✅ layer2.1.bn1.bias -> layer2.layers[1].bn1.bias (128,)
✅ layer2.1.conv2.weight -> layer2.layers[1].conv2.weight (128, 128, 3, 3)
✅ layer2.1.bn2.weight -> layer2.layers[1].bn2.weight (128,)
✅ layer2.1.bn2.bias -> layer2.layers[1].bn2.bias (128,)
✅ layer3.0.conv1.weight -> layer3.layers[0].conv1.weight (256, 128, 3, 3)
✅ layer3.0.bn1.weight -> layer3.layers[0].bn1.weight (256,)
✅ layer3.0.bn1.bias -> layer3.layers[0].bn1.bias (256,)
✅ layer3.0.conv2.weight -> layer3.layers[0].conv2.weight (256, 256, 3, 3)
✅ layer3.0.bn2.weight -> layer3.layers[0].bn2.weight (256,)
✅ layer3.0.bn2.bias -> layer3.layers[0].bn2.bias (256,)
✅ layer3.0.downsample.0.weight -> layer3.layers[0].downsample.layers[0].weight (256, 128, 1, 1)
✅ layer3.0.downsample.1.weight -> layer3.layers[0].downsample.layers[1].weight (256,)
✅ layer3.0.downsample.1.bias -> layer3.layers[0].downsample.layers[1].bias (256,)
✅ layer3.1.conv1.weight -> layer3.layers[1].conv1.weight (256, 256, 3, 3)
✅ layer3.1.bn1.weight -> layer3.layers[1].bn1.weight (256,)
✅ layer3.1.bn1.bias -> layer3.layers[1].bn1.bias (256,)
✅ layer3.1.conv2.weight -> layer3.layers[1].conv2.weight (256, 256, 3, 3)
✅ layer3.1.bn2.weight -> layer3.layers[1].bn2.weight (256,)
✅ layer3.1.bn2.bias -> layer3.layers[1].bn2.bias (256,)
✅ layer4.0.conv1.weight -> layer4.layers[0].conv1.weight (512, 256, 3, 3)
✅ layer4.0.bn1.weight -> layer4.layers[0].bn1.weight (512,)
✅ layer4.0.bn1.bias -> layer4.layers[0].bn1.bias (512,)
✅ layer4.0.conv2.weight -> layer4.layers[0].conv2.weight (512, 512, 3, 3)
✅ layer4.0.bn2.weight -> layer4.layers[0].bn2.weight (512,)
✅ layer4.0.bn2.bias -> layer4.layers[0].bn2.bias (512,)
✅ layer4.0.downsample.0.weight -> layer4.layers[0].downsample.layers[0].weight (512, 256, 1, 1)
✅ layer4.0.downsample.1.weight -> layer4.layers[0].downsample.layers[1].weight (512,)
✅ layer4.0.downsample.1.bias -> layer4.layers[0].downsample.layers[1].bias (512,)
✅ layer4.1.conv1.weight -> layer4.layers[1].conv1.weight (512, 512, 3, 3)
✅ layer4.1.bn1.weight -> layer4.layers[1].bn1.weight (512,)
✅ layer4.1.bn1.bias -> layer4.layers[1].bn1.bias (512,)
✅ layer4.1.conv2.weight -> layer4.layers[1].conv2.weight (512, 512, 3, 3)
✅ layer4.1.bn2.weight -> layer4.layers[1].bn2.weight (512,)
✅ layer4.1.bn2.bias -> layer4.layers[1].bn2.bias (512,)

=== Loading BatchNorm Running Statistics ===
✅ bn1.running_mean -> bn1.ema_state_index.init[0]
✅ bn1.running_var -> bn1.ema_state_index.init[1]
✅ layer1.0.bn1.running_mean -> layer1.layers[0].bn1.ema_state_index.init[0]
✅ layer1.0.bn1.running_var -> layer1.layers[0].bn1.ema_state_index.init[1]
✅ layer1.0.bn2.running_mean -> layer1.layers[0].bn2.ema_state_index.init[0]
✅ layer1.0.bn2.running_var -> layer1.layers[0].bn2.ema_state_index.init[1]
✅ layer1.1.bn1.running_mean -> layer1.layers[1].bn1.ema_state_index.init[0]
✅ layer1.1.bn1.running_var -> layer1.layers[1].bn1.ema_state_index.init[1]
✅ layer1.1.bn2.running_mean -> layer1.layers[1].bn2.ema_state_index.init[0]
✅ layer1.1.bn2.running_var -> layer1.layers[1].bn2.ema_state_index.init[1]
✅ layer2.0.bn1.running_mean -> layer2.layers[0].bn1.ema_state_index.init[0]
✅ layer2.0.bn1.running_var -> layer2.layers[0].bn1.ema_state_index.init[1]
✅ layer2.0.bn2.running_mean -> layer2.layers[0].bn2.ema_state_index.init[0]
✅ layer2.0.bn2.running_var -> layer2.layers[0].bn2.ema_state_index.init[1]
✅ layer2.0.downsample.1.running_mean -> layer2.layers[0].downsample.layers[1].ema_state_index.init[0]
✅ layer2.0.downsample.1.running_var -> layer2.layers[0].downsample.layers[1].ema_state_index.init[1]
✅ layer2.1.bn1.running_mean -> layer2.layers[1].bn1.ema_state_index.init[0]
✅ layer2.1.bn1.running_var -> layer2.layers[1].bn1.ema_state_index.init[1]
✅ layer2.1.bn2.running_mean -> layer2.layers[1].bn2.ema_state_index.init[0]
✅ layer2.1.bn2.running_var -> layer2.layers[1].bn2.ema_state_index.init[1]
✅ layer3.0.bn1.running_mean -> layer3.layers[0].bn1.ema_state_index.init[0]
✅ layer3.0.bn1.running_var -> layer3.layers[0].bn1.ema_state_index.init[1]
✅ layer3.0.bn2.running_mean -> layer3.layers[0].bn2.ema_state_index.init[0]
✅ layer3.0.bn2.running_var -> layer3.layers[0].bn2.ema_state_index.init[1]
✅ layer3.0.downsample.1.running_mean -> layer3.layers[0].downsample.layers[1].ema_state_index.init[0]
✅ layer3.0.downsample.1.running_var -> layer3.layers[0].downsample.layers[1].ema_state_index.init[1]
✅ layer3.1.bn1.running_mean -> layer3.layers[1].bn1.ema_state_index.init[0]
✅ layer3.1.bn1.running_var -> layer3.layers[1].bn1.ema_state_index.init[1]
✅ layer3.1.bn2.running_mean -> layer3.layers[1].bn2.ema_state_index.init[0]
✅ layer3.1.bn2.running_var -> layer3.layers[1].bn2.ema_state_index.init[1]
✅ layer4.0.bn1.running_mean -> layer4.layers[0].bn1.ema_state_index.init[0]
✅ layer4.0.bn1.running_var -> layer4.layers[0].bn1.ema_state_index.init[1]
✅ layer4.0.bn2.running_mean -> layer4.layers[0].bn2.ema_state_index.init[0]
✅ layer4.0.bn2.running_var -> layer4.layers[0].bn2.ema_state_index.init[1]
✅ layer4.0.downsample.1.running_mean -> layer4.layers[0].downsample.layers[1].ema_state_index.init[0]
✅ layer4.0.downsample.1.running_var -> layer4.layers[0].downsample.layers[1].ema_state_index.init[1]
✅ layer4.1.bn1.running_mean -> layer4.layers[1].bn1.ema_state_index.init[0]
✅ layer4.1.bn1.running_var -> layer4.layers[1].bn1.ema_state_index.init[1]
✅ layer4.1.bn2.running_mean -> layer4.layers[1].bn2.ema_state_index.init[0]
✅ layer4.1.bn2.running_var -> layer4.layers[1].bn2.ema_state_index.init[1]

=== Loading Results ===
✅ Trainable parameters loaded: 62
✅ BatchNorm statistics loaded: 40
❌ Failed loads: 0
Checkpoint loaded from /data/user_data/saksham3/double_insert_rl_checkpoints/td-n_n60_reward_typeneg_lr0.0001_seed3/checkpoint_step_20000.eqx (step: 20000)
Normalization function: <function normalize_zscore at 0x1531b458cf40>
Using regular network for value function
Pre-compiling 3 augmentation chains with vmap...
Camera 0: Compiled JIT + vmap augmentation chain
Camera 1: Compiled JIT + vmap augmentation chain
Camera 2: Compiled JIT + vmap augmentation chain
Successfully pre-compiled all 3 augmentation chains
Value function and augmentation agent initialized
Computing value function...
Computed 2118 values
Generating video frames...
Saving MP4 video to videos_neg/sim_double_insert_full_success_r5_hdf5_0.mp4...
Video saved successfully to videos_neg/sim_double_insert_full_success_r5_hdf5_0.mp4
Logging GIF video to wandb...
GIF video logged successfully to wandb.
Wandb run finished.
Completed visualization for sim_double_insert_full_success_r5_hdf5 with VF2
Processing dataset 5/5: sim_double_insert_round6_0820_hdf5
Wandb run initiated with name: sim_double_insert_round6_0820_hdf5_0
Decoding images...
Loading value function from /data/user_data/saksham3/double_insert_rl_checkpoints/td-n_n60_reward_typeneg_lr0.0001_seed3/checkpoint_step_20000.eqx...
=== Flexible Weight Loading ===
PyTorch trainable parameters: 62
✅ conv1.weight -> conv1.weight (64, 3, 7, 7)
✅ bn1.weight -> bn1.weight (64,)
✅ bn1.bias -> bn1.bias (64,)
✅ fc.weight -> fc.weight (1000, 512)
✅ fc.bias -> fc.bias (1000,)
✅ layer1.0.conv1.weight -> layer1.layers[0].conv1.weight (64, 64, 3, 3)
✅ layer1.0.bn1.weight -> layer1.layers[0].bn1.weight (64,)
✅ layer1.0.bn1.bias -> layer1.layers[0].bn1.bias (64,)
✅ layer1.0.conv2.weight -> layer1.layers[0].conv2.weight (64, 64, 3, 3)
✅ layer1.0.bn2.weight -> layer1.layers[0].bn2.weight (64,)
✅ layer1.0.bn2.bias -> layer1.layers[0].bn2.bias (64,)
✅ layer1.1.conv1.weight -> layer1.layers[1].conv1.weight (64, 64, 3, 3)
✅ layer1.1.bn1.weight -> layer1.layers[1].bn1.weight (64,)
✅ layer1.1.bn1.bias -> layer1.layers[1].bn1.bias (64,)
✅ layer1.1.conv2.weight -> layer1.layers[1].conv2.weight (64, 64, 3, 3)
✅ layer1.1.bn2.weight -> layer1.layers[1].bn2.weight (64,)
✅ layer1.1.bn2.bias -> layer1.layers[1].bn2.bias (64,)
✅ layer2.0.conv1.weight -> layer2.layers[0].conv1.weight (128, 64, 3, 3)
✅ layer2.0.bn1.weight -> layer2.layers[0].bn1.weight (128,)
✅ layer2.0.bn1.bias -> layer2.layers[0].bn1.bias (128,)
✅ layer2.0.conv2.weight -> layer2.layers[0].conv2.weight (128, 128, 3, 3)
✅ layer2.0.bn2.weight -> layer2.layers[0].bn2.weight (128,)
✅ layer2.0.bn2.bias -> layer2.layers[0].bn2.bias (128,)
✅ layer2.0.downsample.0.weight -> layer2.layers[0].downsample.layers[0].weight (128, 64, 1, 1)
✅ layer2.0.downsample.1.weight -> layer2.layers[0].downsample.layers[1].weight (128,)
✅ layer2.0.downsample.1.bias -> layer2.layers[0].downsample.layers[1].bias (128,)
✅ layer2.1.conv1.weight -> layer2.layers[1].conv1.weight (128, 128, 3, 3)
✅ layer2.1.bn1.weight -> layer2.layers[1].bn1.weight (128,)
✅ layer2.1.bn1.bias -> layer2.layers[1].bn1.bias (128,)
✅ layer2.1.conv2.weight -> layer2.layers[1].conv2.weight (128, 128, 3, 3)
✅ layer2.1.bn2.weight -> layer2.layers[1].bn2.weight (128,)
✅ layer2.1.bn2.bias -> layer2.layers[1].bn2.bias (128,)
✅ layer3.0.conv1.weight -> layer3.layers[0].conv1.weight (256, 128, 3, 3)
✅ layer3.0.bn1.weight -> layer3.layers[0].bn1.weight (256,)
✅ layer3.0.bn1.bias -> layer3.layers[0].bn1.bias (256,)
✅ layer3.0.conv2.weight -> layer3.layers[0].conv2.weight (256, 256, 3, 3)
✅ layer3.0.bn2.weight -> layer3.layers[0].bn2.weight (256,)
✅ layer3.0.bn2.bias -> layer3.layers[0].bn2.bias (256,)
✅ layer3.0.downsample.0.weight -> layer3.layers[0].downsample.layers[0].weight (256, 128, 1, 1)
✅ layer3.0.downsample.1.weight -> layer3.layers[0].downsample.layers[1].weight (256,)
✅ layer3.0.downsample.1.bias -> layer3.layers[0].downsample.layers[1].bias (256,)
✅ layer3.1.conv1.weight -> layer3.layers[1].conv1.weight (256, 256, 3, 3)
✅ layer3.1.bn1.weight -> layer3.layers[1].bn1.weight (256,)
✅ layer3.1.bn1.bias -> layer3.layers[1].bn1.bias (256,)
✅ layer3.1.conv2.weight -> layer3.layers[1].conv2.weight (256, 256, 3, 3)
✅ layer3.1.bn2.weight -> layer3.layers[1].bn2.weight (256,)
✅ layer3.1.bn2.bias -> layer3.layers[1].bn2.bias (256,)
✅ layer4.0.conv1.weight -> layer4.layers[0].conv1.weight (512, 256, 3, 3)
✅ layer4.0.bn1.weight -> layer4.layers[0].bn1.weight (512,)
✅ layer4.0.bn1.bias -> layer4.layers[0].bn1.bias (512,)
✅ layer4.0.conv2.weight -> layer4.layers[0].conv2.weight (512, 512, 3, 3)
✅ layer4.0.bn2.weight -> layer4.layers[0].bn2.weight (512,)
✅ layer4.0.bn2.bias -> layer4.layers[0].bn2.bias (512,)
✅ layer4.0.downsample.0.weight -> layer4.layers[0].downsample.layers[0].weight (512, 256, 1, 1)
✅ layer4.0.downsample.1.weight -> layer4.layers[0].downsample.layers[1].weight (512,)
✅ layer4.0.downsample.1.bias -> layer4.layers[0].downsample.layers[1].bias (512,)
✅ layer4.1.conv1.weight -> layer4.layers[1].conv1.weight (512, 512, 3, 3)
✅ layer4.1.bn1.weight -> layer4.layers[1].bn1.weight (512,)
✅ layer4.1.bn1.bias -> layer4.layers[1].bn1.bias (512,)
✅ layer4.1.conv2.weight -> layer4.layers[1].conv2.weight (512, 512, 3, 3)
✅ layer4.1.bn2.weight -> layer4.layers[1].bn2.weight (512,)
✅ layer4.1.bn2.bias -> layer4.layers[1].bn2.bias (512,)

=== Loading BatchNorm Running Statistics ===
✅ bn1.running_mean -> bn1.ema_state_index.init[0]
✅ bn1.running_var -> bn1.ema_state_index.init[1]
✅ layer1.0.bn1.running_mean -> layer1.layers[0].bn1.ema_state_index.init[0]
✅ layer1.0.bn1.running_var -> layer1.layers[0].bn1.ema_state_index.init[1]
✅ layer1.0.bn2.running_mean -> layer1.layers[0].bn2.ema_state_index.init[0]
✅ layer1.0.bn2.running_var -> layer1.layers[0].bn2.ema_state_index.init[1]
✅ layer1.1.bn1.running_mean -> layer1.layers[1].bn1.ema_state_index.init[0]
✅ layer1.1.bn1.running_var -> layer1.layers[1].bn1.ema_state_index.init[1]
✅ layer1.1.bn2.running_mean -> layer1.layers[1].bn2.ema_state_index.init[0]
✅ layer1.1.bn2.running_var -> layer1.layers[1].bn2.ema_state_index.init[1]
✅ layer2.0.bn1.running_mean -> layer2.layers[0].bn1.ema_state_index.init[0]
✅ layer2.0.bn1.running_var -> layer2.layers[0].bn1.ema_state_index.init[1]
✅ layer2.0.bn2.running_mean -> layer2.layers[0].bn2.ema_state_index.init[0]
✅ layer2.0.bn2.running_var -> layer2.layers[0].bn2.ema_state_index.init[1]
✅ layer2.0.downsample.1.running_mean -> layer2.layers[0].downsample.layers[1].ema_state_index.init[0]
✅ layer2.0.downsample.1.running_var -> layer2.layers[0].downsample.layers[1].ema_state_index.init[1]
✅ layer2.1.bn1.running_mean -> layer2.layers[1].bn1.ema_state_index.init[0]
✅ layer2.1.bn1.running_var -> layer2.layers[1].bn1.ema_state_index.init[1]
✅ layer2.1.bn2.running_mean -> layer2.layers[1].bn2.ema_state_index.init[0]
✅ layer2.1.bn2.running_var -> layer2.layers[1].bn2.ema_state_index.init[1]
✅ layer3.0.bn1.running_mean -> layer3.layers[0].bn1.ema_state_index.init[0]
✅ layer3.0.bn1.running_var -> layer3.layers[0].bn1.ema_state_index.init[1]
✅ layer3.0.bn2.running_mean -> layer3.layers[0].bn2.ema_state_index.init[0]
✅ layer3.0.bn2.running_var -> layer3.layers[0].bn2.ema_state_index.init[1]
✅ layer3.0.downsample.1.running_mean -> layer3.layers[0].downsample.layers[1].ema_state_index.init[0]
✅ layer3.0.downsample.1.running_var -> layer3.layers[0].downsample.layers[1].ema_state_index.init[1]
✅ layer3.1.bn1.running_mean -> layer3.layers[1].bn1.ema_state_index.init[0]
✅ layer3.1.bn1.running_var -> layer3.layers[1].bn1.ema_state_index.init[1]
✅ layer3.1.bn2.running_mean -> layer3.layers[1].bn2.ema_state_index.init[0]
✅ layer3.1.bn2.running_var -> layer3.layers[1].bn2.ema_state_index.init[1]
✅ layer4.0.bn1.running_mean -> layer4.layers[0].bn1.ema_state_index.init[0]
✅ layer4.0.bn1.running_var -> layer4.layers[0].bn1.ema_state_index.init[1]
✅ layer4.0.bn2.running_mean -> layer4.layers[0].bn2.ema_state_index.init[0]
✅ layer4.0.bn2.running_var -> layer4.layers[0].bn2.ema_state_index.init[1]
✅ layer4.0.downsample.1.running_mean -> layer4.layers[0].downsample.layers[1].ema_state_index.init[0]
✅ layer4.0.downsample.1.running_var -> layer4.layers[0].downsample.layers[1].ema_state_index.init[1]
✅ layer4.1.bn1.running_mean -> layer4.layers[1].bn1.ema_state_index.init[0]
✅ layer4.1.bn1.running_var -> layer4.layers[1].bn1.ema_state_index.init[1]
✅ layer4.1.bn2.running_mean -> layer4.layers[1].bn2.ema_state_index.init[0]
✅ layer4.1.bn2.running_var -> layer4.layers[1].bn2.ema_state_index.init[1]

=== Loading Results ===
✅ Trainable parameters loaded: 62
✅ BatchNorm statistics loaded: 40
❌ Failed loads: 0
=== Flexible Weight Loading ===
PyTorch trainable parameters: 62
✅ conv1.weight -> conv1.weight (64, 3, 7, 7)
✅ bn1.weight -> bn1.weight (64,)
✅ bn1.bias -> bn1.bias (64,)
✅ fc.weight -> fc.weight (1000, 512)
✅ fc.bias -> fc.bias (1000,)
✅ layer1.0.conv1.weight -> layer1.layers[0].conv1.weight (64, 64, 3, 3)
✅ layer1.0.bn1.weight -> layer1.layers[0].bn1.weight (64,)
✅ layer1.0.bn1.bias -> layer1.layers[0].bn1.bias (64,)
✅ layer1.0.conv2.weight -> layer1.layers[0].conv2.weight (64, 64, 3, 3)
✅ layer1.0.bn2.weight -> layer1.layers[0].bn2.weight (64,)
✅ layer1.0.bn2.bias -> layer1.layers[0].bn2.bias (64,)
✅ layer1.1.conv1.weight -> layer1.layers[1].conv1.weight (64, 64, 3, 3)
✅ layer1.1.bn1.weight -> layer1.layers[1].bn1.weight (64,)
✅ layer1.1.bn1.bias -> layer1.layers[1].bn1.bias (64,)
✅ layer1.1.conv2.weight -> layer1.layers[1].conv2.weight (64, 64, 3, 3)
✅ layer1.1.bn2.weight -> layer1.layers[1].bn2.weight (64,)
✅ layer1.1.bn2.bias -> layer1.layers[1].bn2.bias (64,)
✅ layer2.0.conv1.weight -> layer2.layers[0].conv1.weight (128, 64, 3, 3)
✅ layer2.0.bn1.weight -> layer2.layers[0].bn1.weight (128,)
✅ layer2.0.bn1.bias -> layer2.layers[0].bn1.bias (128,)
✅ layer2.0.conv2.weight -> layer2.layers[0].conv2.weight (128, 128, 3, 3)
✅ layer2.0.bn2.weight -> layer2.layers[0].bn2.weight (128,)
✅ layer2.0.bn2.bias -> layer2.layers[0].bn2.bias (128,)
✅ layer2.0.downsample.0.weight -> layer2.layers[0].downsample.layers[0].weight (128, 64, 1, 1)
✅ layer2.0.downsample.1.weight -> layer2.layers[0].downsample.layers[1].weight (128,)
✅ layer2.0.downsample.1.bias -> layer2.layers[0].downsample.layers[1].bias (128,)
✅ layer2.1.conv1.weight -> layer2.layers[1].conv1.weight (128, 128, 3, 3)
✅ layer2.1.bn1.weight -> layer2.layers[1].bn1.weight (128,)
✅ layer2.1.bn1.bias -> layer2.layers[1].bn1.bias (128,)
✅ layer2.1.conv2.weight -> layer2.layers[1].conv2.weight (128, 128, 3, 3)
✅ layer2.1.bn2.weight -> layer2.layers[1].bn2.weight (128,)
✅ layer2.1.bn2.bias -> layer2.layers[1].bn2.bias (128,)
✅ layer3.0.conv1.weight -> layer3.layers[0].conv1.weight (256, 128, 3, 3)
✅ layer3.0.bn1.weight -> layer3.layers[0].bn1.weight (256,)
✅ layer3.0.bn1.bias -> layer3.layers[0].bn1.bias (256,)
✅ layer3.0.conv2.weight -> layer3.layers[0].conv2.weight (256, 256, 3, 3)
✅ layer3.0.bn2.weight -> layer3.layers[0].bn2.weight (256,)
✅ layer3.0.bn2.bias -> layer3.layers[0].bn2.bias (256,)
✅ layer3.0.downsample.0.weight -> layer3.layers[0].downsample.layers[0].weight (256, 128, 1, 1)
✅ layer3.0.downsample.1.weight -> layer3.layers[0].downsample.layers[1].weight (256,)
✅ layer3.0.downsample.1.bias -> layer3.layers[0].downsample.layers[1].bias (256,)
✅ layer3.1.conv1.weight -> layer3.layers[1].conv1.weight (256, 256, 3, 3)
✅ layer3.1.bn1.weight -> layer3.layers[1].bn1.weight (256,)
✅ layer3.1.bn1.bias -> layer3.layers[1].bn1.bias (256,)
✅ layer3.1.conv2.weight -> layer3.layers[1].conv2.weight (256, 256, 3, 3)
✅ layer3.1.bn2.weight -> layer3.layers[1].bn2.weight (256,)
✅ layer3.1.bn2.bias -> layer3.layers[1].bn2.bias (256,)
✅ layer4.0.conv1.weight -> layer4.layers[0].conv1.weight (512, 256, 3, 3)
✅ layer4.0.bn1.weight -> layer4.layers[0].bn1.weight (512,)
✅ layer4.0.bn1.bias -> layer4.layers[0].bn1.bias (512,)
✅ layer4.0.conv2.weight -> layer4.layers[0].conv2.weight (512, 512, 3, 3)
✅ layer4.0.bn2.weight -> layer4.layers[0].bn2.weight (512,)
✅ layer4.0.bn2.bias -> layer4.layers[0].bn2.bias (512,)
✅ layer4.0.downsample.0.weight -> layer4.layers[0].downsample.layers[0].weight (512, 256, 1, 1)
✅ layer4.0.downsample.1.weight -> layer4.layers[0].downsample.layers[1].weight (512,)
✅ layer4.0.downsample.1.bias -> layer4.layers[0].downsample.layers[1].bias (512,)
✅ layer4.1.conv1.weight -> layer4.layers[1].conv1.weight (512, 512, 3, 3)
✅ layer4.1.bn1.weight -> layer4.layers[1].bn1.weight (512,)
✅ layer4.1.bn1.bias -> layer4.layers[1].bn1.bias (512,)
✅ layer4.1.conv2.weight -> layer4.layers[1].conv2.weight (512, 512, 3, 3)
✅ layer4.1.bn2.weight -> layer4.layers[1].bn2.weight (512,)
✅ layer4.1.bn2.bias -> layer4.layers[1].bn2.bias (512,)

=== Loading BatchNorm Running Statistics ===
✅ bn1.running_mean -> bn1.ema_state_index.init[0]
✅ bn1.running_var -> bn1.ema_state_index.init[1]
✅ layer1.0.bn1.running_mean -> layer1.layers[0].bn1.ema_state_index.init[0]
✅ layer1.0.bn1.running_var -> layer1.layers[0].bn1.ema_state_index.init[1]
✅ layer1.0.bn2.running_mean -> layer1.layers[0].bn2.ema_state_index.init[0]
✅ layer1.0.bn2.running_var -> layer1.layers[0].bn2.ema_state_index.init[1]
✅ layer1.1.bn1.running_mean -> layer1.layers[1].bn1.ema_state_index.init[0]
✅ layer1.1.bn1.running_var -> layer1.layers[1].bn1.ema_state_index.init[1]
✅ layer1.1.bn2.running_mean -> layer1.layers[1].bn2.ema_state_index.init[0]
✅ layer1.1.bn2.running_var -> layer1.layers[1].bn2.ema_state_index.init[1]
✅ layer2.0.bn1.running_mean -> layer2.layers[0].bn1.ema_state_index.init[0]
✅ layer2.0.bn1.running_var -> layer2.layers[0].bn1.ema_state_index.init[1]
✅ layer2.0.bn2.running_mean -> layer2.layers[0].bn2.ema_state_index.init[0]
✅ layer2.0.bn2.running_var -> layer2.layers[0].bn2.ema_state_index.init[1]
✅ layer2.0.downsample.1.running_mean -> layer2.layers[0].downsample.layers[1].ema_state_index.init[0]
✅ layer2.0.downsample.1.running_var -> layer2.layers[0].downsample.layers[1].ema_state_index.init[1]
✅ layer2.1.bn1.running_mean -> layer2.layers[1].bn1.ema_state_index.init[0]
✅ layer2.1.bn1.running_var -> layer2.layers[1].bn1.ema_state_index.init[1]
✅ layer2.1.bn2.running_mean -> layer2.layers[1].bn2.ema_state_index.init[0]
✅ layer2.1.bn2.running_var -> layer2.layers[1].bn2.ema_state_index.init[1]
✅ layer3.0.bn1.running_mean -> layer3.layers[0].bn1.ema_state_index.init[0]
✅ layer3.0.bn1.running_var -> layer3.layers[0].bn1.ema_state_index.init[1]
✅ layer3.0.bn2.running_mean -> layer3.layers[0].bn2.ema_state_index.init[0]
✅ layer3.0.bn2.running_var -> layer3.layers[0].bn2.ema_state_index.init[1]
✅ layer3.0.downsample.1.running_mean -> layer3.layers[0].downsample.layers[1].ema_state_index.init[0]
✅ layer3.0.downsample.1.running_var -> layer3.layers[0].downsample.layers[1].ema_state_index.init[1]
✅ layer3.1.bn1.running_mean -> layer3.layers[1].bn1.ema_state_index.init[0]
✅ layer3.1.bn1.running_var -> layer3.layers[1].bn1.ema_state_index.init[1]
✅ layer3.1.bn2.running_mean -> layer3.layers[1].bn2.ema_state_index.init[0]
✅ layer3.1.bn2.running_var -> layer3.layers[1].bn2.ema_state_index.init[1]
✅ layer4.0.bn1.running_mean -> layer4.layers[0].bn1.ema_state_index.init[0]
✅ layer4.0.bn1.running_var -> layer4.layers[0].bn1.ema_state_index.init[1]
✅ layer4.0.bn2.running_mean -> layer4.layers[0].bn2.ema_state_index.init[0]
✅ layer4.0.bn2.running_var -> layer4.layers[0].bn2.ema_state_index.init[1]
✅ layer4.0.downsample.1.running_mean -> layer4.layers[0].downsample.layers[1].ema_state_index.init[0]
✅ layer4.0.downsample.1.running_var -> layer4.layers[0].downsample.layers[1].ema_state_index.init[1]
✅ layer4.1.bn1.running_mean -> layer4.layers[1].bn1.ema_state_index.init[0]
✅ layer4.1.bn1.running_var -> layer4.layers[1].bn1.ema_state_index.init[1]
✅ layer4.1.bn2.running_mean -> layer4.layers[1].bn2.ema_state_index.init[0]
✅ layer4.1.bn2.running_var -> layer4.layers[1].bn2.ema_state_index.init[1]

=== Loading Results ===
✅ Trainable parameters loaded: 62
✅ BatchNorm statistics loaded: 40
❌ Failed loads: 0
=== Flexible Weight Loading ===
PyTorch trainable parameters: 62
✅ conv1.weight -> conv1.weight (64, 3, 7, 7)
✅ bn1.weight -> bn1.weight (64,)
✅ bn1.bias -> bn1.bias (64,)
✅ fc.weight -> fc.weight (1000, 512)
✅ fc.bias -> fc.bias (1000,)
✅ layer1.0.conv1.weight -> layer1.layers[0].conv1.weight (64, 64, 3, 3)
✅ layer1.0.bn1.weight -> layer1.layers[0].bn1.weight (64,)
✅ layer1.0.bn1.bias -> layer1.layers[0].bn1.bias (64,)
✅ layer1.0.conv2.weight -> layer1.layers[0].conv2.weight (64, 64, 3, 3)
✅ layer1.0.bn2.weight -> layer1.layers[0].bn2.weight (64,)
✅ layer1.0.bn2.bias -> layer1.layers[0].bn2.bias (64,)
✅ layer1.1.conv1.weight -> layer1.layers[1].conv1.weight (64, 64, 3, 3)
✅ layer1.1.bn1.weight -> layer1.layers[1].bn1.weight (64,)
✅ layer1.1.bn1.bias -> layer1.layers[1].bn1.bias (64,)
✅ layer1.1.conv2.weight -> layer1.layers[1].conv2.weight (64, 64, 3, 3)
✅ layer1.1.bn2.weight -> layer1.layers[1].bn2.weight (64,)
✅ layer1.1.bn2.bias -> layer1.layers[1].bn2.bias (64,)
✅ layer2.0.conv1.weight -> layer2.layers[0].conv1.weight (128, 64, 3, 3)
✅ layer2.0.bn1.weight -> layer2.layers[0].bn1.weight (128,)
✅ layer2.0.bn1.bias -> layer2.layers[0].bn1.bias (128,)
✅ layer2.0.conv2.weight -> layer2.layers[0].conv2.weight (128, 128, 3, 3)
✅ layer2.0.bn2.weight -> layer2.layers[0].bn2.weight (128,)
✅ layer2.0.bn2.bias -> layer2.layers[0].bn2.bias (128,)
✅ layer2.0.downsample.0.weight -> layer2.layers[0].downsample.layers[0].weight (128, 64, 1, 1)
✅ layer2.0.downsample.1.weight -> layer2.layers[0].downsample.layers[1].weight (128,)
✅ layer2.0.downsample.1.bias -> layer2.layers[0].downsample.layers[1].bias (128,)
✅ layer2.1.conv1.weight -> layer2.layers[1].conv1.weight (128, 128, 3, 3)
✅ layer2.1.bn1.weight -> layer2.layers[1].bn1.weight (128,)
✅ layer2.1.bn1.bias -> layer2.layers[1].bn1.bias (128,)
✅ layer2.1.conv2.weight -> layer2.layers[1].conv2.weight (128, 128, 3, 3)
✅ layer2.1.bn2.weight -> layer2.layers[1].bn2.weight (128,)
✅ layer2.1.bn2.bias -> layer2.layers[1].bn2.bias (128,)
✅ layer3.0.conv1.weight -> layer3.layers[0].conv1.weight (256, 128, 3, 3)
✅ layer3.0.bn1.weight -> layer3.layers[0].bn1.weight (256,)
✅ layer3.0.bn1.bias -> layer3.layers[0].bn1.bias (256,)
✅ layer3.0.conv2.weight -> layer3.layers[0].conv2.weight (256, 256, 3, 3)
✅ layer3.0.bn2.weight -> layer3.layers[0].bn2.weight (256,)
✅ layer3.0.bn2.bias -> layer3.layers[0].bn2.bias (256,)
✅ layer3.0.downsample.0.weight -> layer3.layers[0].downsample.layers[0].weight (256, 128, 1, 1)
✅ layer3.0.downsample.1.weight -> layer3.layers[0].downsample.layers[1].weight (256,)
✅ layer3.0.downsample.1.bias -> layer3.layers[0].downsample.layers[1].bias (256,)
✅ layer3.1.conv1.weight -> layer3.layers[1].conv1.weight (256, 256, 3, 3)
✅ layer3.1.bn1.weight -> layer3.layers[1].bn1.weight (256,)
✅ layer3.1.bn1.bias -> layer3.layers[1].bn1.bias (256,)
✅ layer3.1.conv2.weight -> layer3.layers[1].conv2.weight (256, 256, 3, 3)
✅ layer3.1.bn2.weight -> layer3.layers[1].bn2.weight (256,)
✅ layer3.1.bn2.bias -> layer3.layers[1].bn2.bias (256,)
✅ layer4.0.conv1.weight -> layer4.layers[0].conv1.weight (512, 256, 3, 3)
✅ layer4.0.bn1.weight -> layer4.layers[0].bn1.weight (512,)
✅ layer4.0.bn1.bias -> layer4.layers[0].bn1.bias (512,)
✅ layer4.0.conv2.weight -> layer4.layers[0].conv2.weight (512, 512, 3, 3)
✅ layer4.0.bn2.weight -> layer4.layers[0].bn2.weight (512,)
✅ layer4.0.bn2.bias -> layer4.layers[0].bn2.bias (512,)
✅ layer4.0.downsample.0.weight -> layer4.layers[0].downsample.layers[0].weight (512, 256, 1, 1)
✅ layer4.0.downsample.1.weight -> layer4.layers[0].downsample.layers[1].weight (512,)
✅ layer4.0.downsample.1.bias -> layer4.layers[0].downsample.layers[1].bias (512,)
✅ layer4.1.conv1.weight -> layer4.layers[1].conv1.weight (512, 512, 3, 3)
✅ layer4.1.bn1.weight -> layer4.layers[1].bn1.weight (512,)
✅ layer4.1.bn1.bias -> layer4.layers[1].bn1.bias (512,)
✅ layer4.1.conv2.weight -> layer4.layers[1].conv2.weight (512, 512, 3, 3)
✅ layer4.1.bn2.weight -> layer4.layers[1].bn2.weight (512,)
✅ layer4.1.bn2.bias -> layer4.layers[1].bn2.bias (512,)

=== Loading BatchNorm Running Statistics ===
✅ bn1.running_mean -> bn1.ema_state_index.init[0]
✅ bn1.running_var -> bn1.ema_state_index.init[1]
✅ layer1.0.bn1.running_mean -> layer1.layers[0].bn1.ema_state_index.init[0]
✅ layer1.0.bn1.running_var -> layer1.layers[0].bn1.ema_state_index.init[1]
✅ layer1.0.bn2.running_mean -> layer1.layers[0].bn2.ema_state_index.init[0]
✅ layer1.0.bn2.running_var -> layer1.layers[0].bn2.ema_state_index.init[1]
✅ layer1.1.bn1.running_mean -> layer1.layers[1].bn1.ema_state_index.init[0]
✅ layer1.1.bn1.running_var -> layer1.layers[1].bn1.ema_state_index.init[1]
✅ layer1.1.bn2.running_mean -> layer1.layers[1].bn2.ema_state_index.init[0]
✅ layer1.1.bn2.running_var -> layer1.layers[1].bn2.ema_state_index.init[1]
✅ layer2.0.bn1.running_mean -> layer2.layers[0].bn1.ema_state_index.init[0]
✅ layer2.0.bn1.running_var -> layer2.layers[0].bn1.ema_state_index.init[1]
✅ layer2.0.bn2.running_mean -> layer2.layers[0].bn2.ema_state_index.init[0]
✅ layer2.0.bn2.running_var -> layer2.layers[0].bn2.ema_state_index.init[1]
✅ layer2.0.downsample.1.running_mean -> layer2.layers[0].downsample.layers[1].ema_state_index.init[0]
✅ layer2.0.downsample.1.running_var -> layer2.layers[0].downsample.layers[1].ema_state_index.init[1]
✅ layer2.1.bn1.running_mean -> layer2.layers[1].bn1.ema_state_index.init[0]
✅ layer2.1.bn1.running_var -> layer2.layers[1].bn1.ema_state_index.init[1]
✅ layer2.1.bn2.running_mean -> layer2.layers[1].bn2.ema_state_index.init[0]
✅ layer2.1.bn2.running_var -> layer2.layers[1].bn2.ema_state_index.init[1]
✅ layer3.0.bn1.running_mean -> layer3.layers[0].bn1.ema_state_index.init[0]
✅ layer3.0.bn1.running_var -> layer3.layers[0].bn1.ema_state_index.init[1]
✅ layer3.0.bn2.running_mean -> layer3.layers[0].bn2.ema_state_index.init[0]
✅ layer3.0.bn2.running_var -> layer3.layers[0].bn2.ema_state_index.init[1]
✅ layer3.0.downsample.1.running_mean -> layer3.layers[0].downsample.layers[1].ema_state_index.init[0]
✅ layer3.0.downsample.1.running_var -> layer3.layers[0].downsample.layers[1].ema_state_index.init[1]
✅ layer3.1.bn1.running_mean -> layer3.layers[1].bn1.ema_state_index.init[0]
✅ layer3.1.bn1.running_var -> layer3.layers[1].bn1.ema_state_index.init[1]
✅ layer3.1.bn2.running_mean -> layer3.layers[1].bn2.ema_state_index.init[0]
✅ layer3.1.bn2.running_var -> layer3.layers[1].bn2.ema_state_index.init[1]
✅ layer4.0.bn1.running_mean -> layer4.layers[0].bn1.ema_state_index.init[0]
✅ layer4.0.bn1.running_var -> layer4.layers[0].bn1.ema_state_index.init[1]
✅ layer4.0.bn2.running_mean -> layer4.layers[0].bn2.ema_state_index.init[0]
✅ layer4.0.bn2.running_var -> layer4.layers[0].bn2.ema_state_index.init[1]
✅ layer4.0.downsample.1.running_mean -> layer4.layers[0].downsample.layers[1].ema_state_index.init[0]
✅ layer4.0.downsample.1.running_var -> layer4.layers[0].downsample.layers[1].ema_state_index.init[1]
✅ layer4.1.bn1.running_mean -> layer4.layers[1].bn1.ema_state_index.init[0]
✅ layer4.1.bn1.running_var -> layer4.layers[1].bn1.ema_state_index.init[1]
✅ layer4.1.bn2.running_mean -> layer4.layers[1].bn2.ema_state_index.init[0]
✅ layer4.1.bn2.running_var -> layer4.layers[1].bn2.ema_state_index.init[1]

=== Loading Results ===
✅ Trainable parameters loaded: 62
✅ BatchNorm statistics loaded: 40
❌ Failed loads: 0
=== Flexible Weight Loading ===
PyTorch trainable parameters: 62
✅ conv1.weight -> conv1.weight (64, 3, 7, 7)
✅ bn1.weight -> bn1.weight (64,)
✅ bn1.bias -> bn1.bias (64,)
✅ fc.weight -> fc.weight (1000, 512)
✅ fc.bias -> fc.bias (1000,)
✅ layer1.0.conv1.weight -> layer1.layers[0].conv1.weight (64, 64, 3, 3)
✅ layer1.0.bn1.weight -> layer1.layers[0].bn1.weight (64,)
✅ layer1.0.bn1.bias -> layer1.layers[0].bn1.bias (64,)
✅ layer1.0.conv2.weight -> layer1.layers[0].conv2.weight (64, 64, 3, 3)
✅ layer1.0.bn2.weight -> layer1.layers[0].bn2.weight (64,)
✅ layer1.0.bn2.bias -> layer1.layers[0].bn2.bias (64,)
✅ layer1.1.conv1.weight -> layer1.layers[1].conv1.weight (64, 64, 3, 3)
✅ layer1.1.bn1.weight -> layer1.layers[1].bn1.weight (64,)
✅ layer1.1.bn1.bias -> layer1.layers[1].bn1.bias (64,)
✅ layer1.1.conv2.weight -> layer1.layers[1].conv2.weight (64, 64, 3, 3)
✅ layer1.1.bn2.weight -> layer1.layers[1].bn2.weight (64,)
✅ layer1.1.bn2.bias -> layer1.layers[1].bn2.bias (64,)
✅ layer2.0.conv1.weight -> layer2.layers[0].conv1.weight (128, 64, 3, 3)
✅ layer2.0.bn1.weight -> layer2.layers[0].bn1.weight (128,)
✅ layer2.0.bn1.bias -> layer2.layers[0].bn1.bias (128,)
✅ layer2.0.conv2.weight -> layer2.layers[0].conv2.weight (128, 128, 3, 3)
✅ layer2.0.bn2.weight -> layer2.layers[0].bn2.weight (128,)
✅ layer2.0.bn2.bias -> layer2.layers[0].bn2.bias (128,)
✅ layer2.0.downsample.0.weight -> layer2.layers[0].downsample.layers[0].weight (128, 64, 1, 1)
✅ layer2.0.downsample.1.weight -> layer2.layers[0].downsample.layers[1].weight (128,)
✅ layer2.0.downsample.1.bias -> layer2.layers[0].downsample.layers[1].bias (128,)
✅ layer2.1.conv1.weight -> layer2.layers[1].conv1.weight (128, 128, 3, 3)
✅ layer2.1.bn1.weight -> layer2.layers[1].bn1.weight (128,)
✅ layer2.1.bn1.bias -> layer2.layers[1].bn1.bias (128,)
✅ layer2.1.conv2.weight -> layer2.layers[1].conv2.weight (128, 128, 3, 3)
✅ layer2.1.bn2.weight -> layer2.layers[1].bn2.weight (128,)
✅ layer2.1.bn2.bias -> layer2.layers[1].bn2.bias (128,)
✅ layer3.0.conv1.weight -> layer3.layers[0].conv1.weight (256, 128, 3, 3)
✅ layer3.0.bn1.weight -> layer3.layers[0].bn1.weight (256,)
✅ layer3.0.bn1.bias -> layer3.layers[0].bn1.bias (256,)
✅ layer3.0.conv2.weight -> layer3.layers[0].conv2.weight (256, 256, 3, 3)
✅ layer3.0.bn2.weight -> layer3.layers[0].bn2.weight (256,)
✅ layer3.0.bn2.bias -> layer3.layers[0].bn2.bias (256,)
✅ layer3.0.downsample.0.weight -> layer3.layers[0].downsample.layers[0].weight (256, 128, 1, 1)
✅ layer3.0.downsample.1.weight -> layer3.layers[0].downsample.layers[1].weight (256,)
✅ layer3.0.downsample.1.bias -> layer3.layers[0].downsample.layers[1].bias (256,)
✅ layer3.1.conv1.weight -> layer3.layers[1].conv1.weight (256, 256, 3, 3)
✅ layer3.1.bn1.weight -> layer3.layers[1].bn1.weight (256,)
✅ layer3.1.bn1.bias -> layer3.layers[1].bn1.bias (256,)
✅ layer3.1.conv2.weight -> layer3.layers[1].conv2.weight (256, 256, 3, 3)
✅ layer3.1.bn2.weight -> layer3.layers[1].bn2.weight (256,)
✅ layer3.1.bn2.bias -> layer3.layers[1].bn2.bias (256,)
✅ layer4.0.conv1.weight -> layer4.layers[0].conv1.weight (512, 256, 3, 3)
✅ layer4.0.bn1.weight -> layer4.layers[0].bn1.weight (512,)
✅ layer4.0.bn1.bias -> layer4.layers[0].bn1.bias (512,)
✅ layer4.0.conv2.weight -> layer4.layers[0].conv2.weight (512, 512, 3, 3)
✅ layer4.0.bn2.weight -> layer4.layers[0].bn2.weight (512,)
✅ layer4.0.bn2.bias -> layer4.layers[0].bn2.bias (512,)
✅ layer4.0.downsample.0.weight -> layer4.layers[0].downsample.layers[0].weight (512, 256, 1, 1)
✅ layer4.0.downsample.1.weight -> layer4.layers[0].downsample.layers[1].weight (512,)
✅ layer4.0.downsample.1.bias -> layer4.layers[0].downsample.layers[1].bias (512,)
✅ layer4.1.conv1.weight -> layer4.layers[1].conv1.weight (512, 512, 3, 3)
✅ layer4.1.bn1.weight -> layer4.layers[1].bn1.weight (512,)
✅ layer4.1.bn1.bias -> layer4.layers[1].bn1.bias (512,)
✅ layer4.1.conv2.weight -> layer4.layers[1].conv2.weight (512, 512, 3, 3)
✅ layer4.1.bn2.weight -> layer4.layers[1].bn2.weight (512,)
✅ layer4.1.bn2.bias -> layer4.layers[1].bn2.bias (512,)

=== Loading BatchNorm Running Statistics ===
✅ bn1.running_mean -> bn1.ema_state_index.init[0]
✅ bn1.running_var -> bn1.ema_state_index.init[1]
✅ layer1.0.bn1.running_mean -> layer1.layers[0].bn1.ema_state_index.init[0]
✅ layer1.0.bn1.running_var -> layer1.layers[0].bn1.ema_state_index.init[1]
✅ layer1.0.bn2.running_mean -> layer1.layers[0].bn2.ema_state_index.init[0]
✅ layer1.0.bn2.running_var -> layer1.layers[0].bn2.ema_state_index.init[1]
✅ layer1.1.bn1.running_mean -> layer1.layers[1].bn1.ema_state_index.init[0]
✅ layer1.1.bn1.running_var -> layer1.layers[1].bn1.ema_state_index.init[1]
✅ layer1.1.bn2.running_mean -> layer1.layers[1].bn2.ema_state_index.init[0]
✅ layer1.1.bn2.running_var -> layer1.layers[1].bn2.ema_state_index.init[1]
✅ layer2.0.bn1.running_mean -> layer2.layers[0].bn1.ema_state_index.init[0]
✅ layer2.0.bn1.running_var -> layer2.layers[0].bn1.ema_state_index.init[1]
✅ layer2.0.bn2.running_mean -> layer2.layers[0].bn2.ema_state_index.init[0]
✅ layer2.0.bn2.running_var -> layer2.layers[0].bn2.ema_state_index.init[1]
✅ layer2.0.downsample.1.running_mean -> layer2.layers[0].downsample.layers[1].ema_state_index.init[0]
✅ layer2.0.downsample.1.running_var -> layer2.layers[0].downsample.layers[1].ema_state_index.init[1]
✅ layer2.1.bn1.running_mean -> layer2.layers[1].bn1.ema_state_index.init[0]
✅ layer2.1.bn1.running_var -> layer2.layers[1].bn1.ema_state_index.init[1]
✅ layer2.1.bn2.running_mean -> layer2.layers[1].bn2.ema_state_index.init[0]
✅ layer2.1.bn2.running_var -> layer2.layers[1].bn2.ema_state_index.init[1]
✅ layer3.0.bn1.running_mean -> layer3.layers[0].bn1.ema_state_index.init[0]
✅ layer3.0.bn1.running_var -> layer3.layers[0].bn1.ema_state_index.init[1]
✅ layer3.0.bn2.running_mean -> layer3.layers[0].bn2.ema_state_index.init[0]
✅ layer3.0.bn2.running_var -> layer3.layers[0].bn2.ema_state_index.init[1]
✅ layer3.0.downsample.1.running_mean -> layer3.layers[0].downsample.layers[1].ema_state_index.init[0]
✅ layer3.0.downsample.1.running_var -> layer3.layers[0].downsample.layers[1].ema_state_index.init[1]
✅ layer3.1.bn1.running_mean -> layer3.layers[1].bn1.ema_state_index.init[0]
✅ layer3.1.bn1.running_var -> layer3.layers[1].bn1.ema_state_index.init[1]
✅ layer3.1.bn2.running_mean -> layer3.layers[1].bn2.ema_state_index.init[0]
✅ layer3.1.bn2.running_var -> layer3.layers[1].bn2.ema_state_index.init[1]
✅ layer4.0.bn1.running_mean -> layer4.layers[0].bn1.ema_state_index.init[0]
✅ layer4.0.bn1.running_var -> layer4.layers[0].bn1.ema_state_index.init[1]
✅ layer4.0.bn2.running_mean -> layer4.layers[0].bn2.ema_state_index.init[0]
✅ layer4.0.bn2.running_var -> layer4.layers[0].bn2.ema_state_index.init[1]
✅ layer4.0.downsample.1.running_mean -> layer4.layers[0].downsample.layers[1].ema_state_index.init[0]
✅ layer4.0.downsample.1.running_var -> layer4.layers[0].downsample.layers[1].ema_state_index.init[1]
✅ layer4.1.bn1.running_mean -> layer4.layers[1].bn1.ema_state_index.init[0]
✅ layer4.1.bn1.running_var -> layer4.layers[1].bn1.ema_state_index.init[1]
✅ layer4.1.bn2.running_mean -> layer4.layers[1].bn2.ema_state_index.init[0]
✅ layer4.1.bn2.running_var -> layer4.layers[1].bn2.ema_state_index.init[1]

=== Loading Results ===
✅ Trainable parameters loaded: 62
✅ BatchNorm statistics loaded: 40
❌ Failed loads: 0
=== Flexible Weight Loading ===
PyTorch trainable parameters: 62
✅ conv1.weight -> conv1.weight (64, 3, 7, 7)
✅ bn1.weight -> bn1.weight (64,)
✅ bn1.bias -> bn1.bias (64,)
✅ fc.weight -> fc.weight (1000, 512)
✅ fc.bias -> fc.bias (1000,)
✅ layer1.0.conv1.weight -> layer1.layers[0].conv1.weight (64, 64, 3, 3)
✅ layer1.0.bn1.weight -> layer1.layers[0].bn1.weight (64,)
✅ layer1.0.bn1.bias -> layer1.layers[0].bn1.bias (64,)
✅ layer1.0.conv2.weight -> layer1.layers[0].conv2.weight (64, 64, 3, 3)
✅ layer1.0.bn2.weight -> layer1.layers[0].bn2.weight (64,)
✅ layer1.0.bn2.bias -> layer1.layers[0].bn2.bias (64,)
✅ layer1.1.conv1.weight -> layer1.layers[1].conv1.weight (64, 64, 3, 3)
✅ layer1.1.bn1.weight -> layer1.layers[1].bn1.weight (64,)
✅ layer1.1.bn1.bias -> layer1.layers[1].bn1.bias (64,)
✅ layer1.1.conv2.weight -> layer1.layers[1].conv2.weight (64, 64, 3, 3)
✅ layer1.1.bn2.weight -> layer1.layers[1].bn2.weight (64,)
✅ layer1.1.bn2.bias -> layer1.layers[1].bn2.bias (64,)
✅ layer2.0.conv1.weight -> layer2.layers[0].conv1.weight (128, 64, 3, 3)
✅ layer2.0.bn1.weight -> layer2.layers[0].bn1.weight (128,)
✅ layer2.0.bn1.bias -> layer2.layers[0].bn1.bias (128,)
✅ layer2.0.conv2.weight -> layer2.layers[0].conv2.weight (128, 128, 3, 3)
✅ layer2.0.bn2.weight -> layer2.layers[0].bn2.weight (128,)
✅ layer2.0.bn2.bias -> layer2.layers[0].bn2.bias (128,)
✅ layer2.0.downsample.0.weight -> layer2.layers[0].downsample.layers[0].weight (128, 64, 1, 1)
✅ layer2.0.downsample.1.weight -> layer2.layers[0].downsample.layers[1].weight (128,)
✅ layer2.0.downsample.1.bias -> layer2.layers[0].downsample.layers[1].bias (128,)
✅ layer2.1.conv1.weight -> layer2.layers[1].conv1.weight (128, 128, 3, 3)
✅ layer2.1.bn1.weight -> layer2.layers[1].bn1.weight (128,)
✅ layer2.1.bn1.bias -> layer2.layers[1].bn1.bias (128,)
✅ layer2.1.conv2.weight -> layer2.layers[1].conv2.weight (128, 128, 3, 3)
✅ layer2.1.bn2.weight -> layer2.layers[1].bn2.weight (128,)
✅ layer2.1.bn2.bias -> layer2.layers[1].bn2.bias (128,)
✅ layer3.0.conv1.weight -> layer3.layers[0].conv1.weight (256, 128, 3, 3)
✅ layer3.0.bn1.weight -> layer3.layers[0].bn1.weight (256,)
✅ layer3.0.bn1.bias -> layer3.layers[0].bn1.bias (256,)
✅ layer3.0.conv2.weight -> layer3.layers[0].conv2.weight (256, 256, 3, 3)
✅ layer3.0.bn2.weight -> layer3.layers[0].bn2.weight (256,)
✅ layer3.0.bn2.bias -> layer3.layers[0].bn2.bias (256,)
✅ layer3.0.downsample.0.weight -> layer3.layers[0].downsample.layers[0].weight (256, 128, 1, 1)
✅ layer3.0.downsample.1.weight -> layer3.layers[0].downsample.layers[1].weight (256,)
✅ layer3.0.downsample.1.bias -> layer3.layers[0].downsample.layers[1].bias (256,)
✅ layer3.1.conv1.weight -> layer3.layers[1].conv1.weight (256, 256, 3, 3)
✅ layer3.1.bn1.weight -> layer3.layers[1].bn1.weight (256,)
✅ layer3.1.bn1.bias -> layer3.layers[1].bn1.bias (256,)
✅ layer3.1.conv2.weight -> layer3.layers[1].conv2.weight (256, 256, 3, 3)
✅ layer3.1.bn2.weight -> layer3.layers[1].bn2.weight (256,)
✅ layer3.1.bn2.bias -> layer3.layers[1].bn2.bias (256,)
✅ layer4.0.conv1.weight -> layer4.layers[0].conv1.weight (512, 256, 3, 3)
✅ layer4.0.bn1.weight -> layer4.layers[0].bn1.weight (512,)
✅ layer4.0.bn1.bias -> layer4.layers[0].bn1.bias (512,)
✅ layer4.0.conv2.weight -> layer4.layers[0].conv2.weight (512, 512, 3, 3)
✅ layer4.0.bn2.weight -> layer4.layers[0].bn2.weight (512,)
✅ layer4.0.bn2.bias -> layer4.layers[0].bn2.bias (512,)
✅ layer4.0.downsample.0.weight -> layer4.layers[0].downsample.layers[0].weight (512, 256, 1, 1)
✅ layer4.0.downsample.1.weight -> layer4.layers[0].downsample.layers[1].weight (512,)
✅ layer4.0.downsample.1.bias -> layer4.layers[0].downsample.layers[1].bias (512,)
✅ layer4.1.conv1.weight -> layer4.layers[1].conv1.weight (512, 512, 3, 3)
✅ layer4.1.bn1.weight -> layer4.layers[1].bn1.weight (512,)
✅ layer4.1.bn1.bias -> layer4.layers[1].bn1.bias (512,)
✅ layer4.1.conv2.weight -> layer4.layers[1].conv2.weight (512, 512, 3, 3)
✅ layer4.1.bn2.weight -> layer4.layers[1].bn2.weight (512,)
✅ layer4.1.bn2.bias -> layer4.layers[1].bn2.bias (512,)

=== Loading BatchNorm Running Statistics ===
✅ bn1.running_mean -> bn1.ema_state_index.init[0]
✅ bn1.running_var -> bn1.ema_state_index.init[1]
✅ layer1.0.bn1.running_mean -> layer1.layers[0].bn1.ema_state_index.init[0]
✅ layer1.0.bn1.running_var -> layer1.layers[0].bn1.ema_state_index.init[1]
✅ layer1.0.bn2.running_mean -> layer1.layers[0].bn2.ema_state_index.init[0]
✅ layer1.0.bn2.running_var -> layer1.layers[0].bn2.ema_state_index.init[1]
✅ layer1.1.bn1.running_mean -> layer1.layers[1].bn1.ema_state_index.init[0]
✅ layer1.1.bn1.running_var -> layer1.layers[1].bn1.ema_state_index.init[1]
✅ layer1.1.bn2.running_mean -> layer1.layers[1].bn2.ema_state_index.init[0]
✅ layer1.1.bn2.running_var -> layer1.layers[1].bn2.ema_state_index.init[1]
✅ layer2.0.bn1.running_mean -> layer2.layers[0].bn1.ema_state_index.init[0]
✅ layer2.0.bn1.running_var -> layer2.layers[0].bn1.ema_state_index.init[1]
✅ layer2.0.bn2.running_mean -> layer2.layers[0].bn2.ema_state_index.init[0]
✅ layer2.0.bn2.running_var -> layer2.layers[0].bn2.ema_state_index.init[1]
✅ layer2.0.downsample.1.running_mean -> layer2.layers[0].downsample.layers[1].ema_state_index.init[0]
✅ layer2.0.downsample.1.running_var -> layer2.layers[0].downsample.layers[1].ema_state_index.init[1]
✅ layer2.1.bn1.running_mean -> layer2.layers[1].bn1.ema_state_index.init[0]
✅ layer2.1.bn1.running_var -> layer2.layers[1].bn1.ema_state_index.init[1]
✅ layer2.1.bn2.running_mean -> layer2.layers[1].bn2.ema_state_index.init[0]
✅ layer2.1.bn2.running_var -> layer2.layers[1].bn2.ema_state_index.init[1]
✅ layer3.0.bn1.running_mean -> layer3.layers[0].bn1.ema_state_index.init[0]
✅ layer3.0.bn1.running_var -> layer3.layers[0].bn1.ema_state_index.init[1]
✅ layer3.0.bn2.running_mean -> layer3.layers[0].bn2.ema_state_index.init[0]
✅ layer3.0.bn2.running_var -> layer3.layers[0].bn2.ema_state_index.init[1]
✅ layer3.0.downsample.1.running_mean -> layer3.layers[0].downsample.layers[1].ema_state_index.init[0]
✅ layer3.0.downsample.1.running_var -> layer3.layers[0].downsample.layers[1].ema_state_index.init[1]
✅ layer3.1.bn1.running_mean -> layer3.layers[1].bn1.ema_state_index.init[0]
✅ layer3.1.bn1.running_var -> layer3.layers[1].bn1.ema_state_index.init[1]
✅ layer3.1.bn2.running_mean -> layer3.layers[1].bn2.ema_state_index.init[0]
✅ layer3.1.bn2.running_var -> layer3.layers[1].bn2.ema_state_index.init[1]
✅ layer4.0.bn1.running_mean -> layer4.layers[0].bn1.ema_state_index.init[0]
✅ layer4.0.bn1.running_var -> layer4.layers[0].bn1.ema_state_index.init[1]
✅ layer4.0.bn2.running_mean -> layer4.layers[0].bn2.ema_state_index.init[0]
✅ layer4.0.bn2.running_var -> layer4.layers[0].bn2.ema_state_index.init[1]
✅ layer4.0.downsample.1.running_mean -> layer4.layers[0].downsample.layers[1].ema_state_index.init[0]
✅ layer4.0.downsample.1.running_var -> layer4.layers[0].downsample.layers[1].ema_state_index.init[1]
✅ layer4.1.bn1.running_mean -> layer4.layers[1].bn1.ema_state_index.init[0]
✅ layer4.1.bn1.running_var -> layer4.layers[1].bn1.ema_state_index.init[1]
✅ layer4.1.bn2.running_mean -> layer4.layers[1].bn2.ema_state_index.init[0]
✅ layer4.1.bn2.running_var -> layer4.layers[1].bn2.ema_state_index.init[1]

=== Loading Results ===
✅ Trainable parameters loaded: 62
✅ BatchNorm statistics loaded: 40
❌ Failed loads: 0
=== Flexible Weight Loading ===
PyTorch trainable parameters: 62
✅ conv1.weight -> conv1.weight (64, 3, 7, 7)
✅ bn1.weight -> bn1.weight (64,)
✅ bn1.bias -> bn1.bias (64,)
✅ fc.weight -> fc.weight (1000, 512)
✅ fc.bias -> fc.bias (1000,)
✅ layer1.0.conv1.weight -> layer1.layers[0].conv1.weight (64, 64, 3, 3)
✅ layer1.0.bn1.weight -> layer1.layers[0].bn1.weight (64,)
✅ layer1.0.bn1.bias -> layer1.layers[0].bn1.bias (64,)
✅ layer1.0.conv2.weight -> layer1.layers[0].conv2.weight (64, 64, 3, 3)
✅ layer1.0.bn2.weight -> layer1.layers[0].bn2.weight (64,)
✅ layer1.0.bn2.bias -> layer1.layers[0].bn2.bias (64,)
✅ layer1.1.conv1.weight -> layer1.layers[1].conv1.weight (64, 64, 3, 3)
✅ layer1.1.bn1.weight -> layer1.layers[1].bn1.weight (64,)
✅ layer1.1.bn1.bias -> layer1.layers[1].bn1.bias (64,)
✅ layer1.1.conv2.weight -> layer1.layers[1].conv2.weight (64, 64, 3, 3)
✅ layer1.1.bn2.weight -> layer1.layers[1].bn2.weight (64,)
✅ layer1.1.bn2.bias -> layer1.layers[1].bn2.bias (64,)
✅ layer2.0.conv1.weight -> layer2.layers[0].conv1.weight (128, 64, 3, 3)
✅ layer2.0.bn1.weight -> layer2.layers[0].bn1.weight (128,)
✅ layer2.0.bn1.bias -> layer2.layers[0].bn1.bias (128,)
✅ layer2.0.conv2.weight -> layer2.layers[0].conv2.weight (128, 128, 3, 3)
✅ layer2.0.bn2.weight -> layer2.layers[0].bn2.weight (128,)
✅ layer2.0.bn2.bias -> layer2.layers[0].bn2.bias (128,)
✅ layer2.0.downsample.0.weight -> layer2.layers[0].downsample.layers[0].weight (128, 64, 1, 1)
✅ layer2.0.downsample.1.weight -> layer2.layers[0].downsample.layers[1].weight (128,)
✅ layer2.0.downsample.1.bias -> layer2.layers[0].downsample.layers[1].bias (128,)
✅ layer2.1.conv1.weight -> layer2.layers[1].conv1.weight (128, 128, 3, 3)
✅ layer2.1.bn1.weight -> layer2.layers[1].bn1.weight (128,)
✅ layer2.1.bn1.bias -> layer2.layers[1].bn1.bias (128,)
✅ layer2.1.conv2.weight -> layer2.layers[1].conv2.weight (128, 128, 3, 3)
✅ layer2.1.bn2.weight -> layer2.layers[1].bn2.weight (128,)
✅ layer2.1.bn2.bias -> layer2.layers[1].bn2.bias (128,)
✅ layer3.0.conv1.weight -> layer3.layers[0].conv1.weight (256, 128, 3, 3)
✅ layer3.0.bn1.weight -> layer3.layers[0].bn1.weight (256,)
✅ layer3.0.bn1.bias -> layer3.layers[0].bn1.bias (256,)
✅ layer3.0.conv2.weight -> layer3.layers[0].conv2.weight (256, 256, 3, 3)
✅ layer3.0.bn2.weight -> layer3.layers[0].bn2.weight (256,)
✅ layer3.0.bn2.bias -> layer3.layers[0].bn2.bias (256,)
✅ layer3.0.downsample.0.weight -> layer3.layers[0].downsample.layers[0].weight (256, 128, 1, 1)
✅ layer3.0.downsample.1.weight -> layer3.layers[0].downsample.layers[1].weight (256,)
✅ layer3.0.downsample.1.bias -> layer3.layers[0].downsample.layers[1].bias (256,)
✅ layer3.1.conv1.weight -> layer3.layers[1].conv1.weight (256, 256, 3, 3)
✅ layer3.1.bn1.weight -> layer3.layers[1].bn1.weight (256,)
✅ layer3.1.bn1.bias -> layer3.layers[1].bn1.bias (256,)
✅ layer3.1.conv2.weight -> layer3.layers[1].conv2.weight (256, 256, 3, 3)
✅ layer3.1.bn2.weight -> layer3.layers[1].bn2.weight (256,)
✅ layer3.1.bn2.bias -> layer3.layers[1].bn2.bias (256,)
✅ layer4.0.conv1.weight -> layer4.layers[0].conv1.weight (512, 256, 3, 3)
✅ layer4.0.bn1.weight -> layer4.layers[0].bn1.weight (512,)
✅ layer4.0.bn1.bias -> layer4.layers[0].bn1.bias (512,)
✅ layer4.0.conv2.weight -> layer4.layers[0].conv2.weight (512, 512, 3, 3)
✅ layer4.0.bn2.weight -> layer4.layers[0].bn2.weight (512,)
✅ layer4.0.bn2.bias -> layer4.layers[0].bn2.bias (512,)
✅ layer4.0.downsample.0.weight -> layer4.layers[0].downsample.layers[0].weight (512, 256, 1, 1)
✅ layer4.0.downsample.1.weight -> layer4.layers[0].downsample.layers[1].weight (512,)
✅ layer4.0.downsample.1.bias -> layer4.layers[0].downsample.layers[1].bias (512,)
✅ layer4.1.conv1.weight -> layer4.layers[1].conv1.weight (512, 512, 3, 3)
✅ layer4.1.bn1.weight -> layer4.layers[1].bn1.weight (512,)
✅ layer4.1.bn1.bias -> layer4.layers[1].bn1.bias (512,)
✅ layer4.1.conv2.weight -> layer4.layers[1].conv2.weight (512, 512, 3, 3)
✅ layer4.1.bn2.weight -> layer4.layers[1].bn2.weight (512,)
✅ layer4.1.bn2.bias -> layer4.layers[1].bn2.bias (512,)

=== Loading BatchNorm Running Statistics ===
✅ bn1.running_mean -> bn1.ema_state_index.init[0]
✅ bn1.running_var -> bn1.ema_state_index.init[1]
✅ layer1.0.bn1.running_mean -> layer1.layers[0].bn1.ema_state_index.init[0]
✅ layer1.0.bn1.running_var -> layer1.layers[0].bn1.ema_state_index.init[1]
✅ layer1.0.bn2.running_mean -> layer1.layers[0].bn2.ema_state_index.init[0]
✅ layer1.0.bn2.running_var -> layer1.layers[0].bn2.ema_state_index.init[1]
✅ layer1.1.bn1.running_mean -> layer1.layers[1].bn1.ema_state_index.init[0]
✅ layer1.1.bn1.running_var -> layer1.layers[1].bn1.ema_state_index.init[1]
✅ layer1.1.bn2.running_mean -> layer1.layers[1].bn2.ema_state_index.init[0]
✅ layer1.1.bn2.running_var -> layer1.layers[1].bn2.ema_state_index.init[1]
✅ layer2.0.bn1.running_mean -> layer2.layers[0].bn1.ema_state_index.init[0]
✅ layer2.0.bn1.running_var -> layer2.layers[0].bn1.ema_state_index.init[1]
✅ layer2.0.bn2.running_mean -> layer2.layers[0].bn2.ema_state_index.init[0]
✅ layer2.0.bn2.running_var -> layer2.layers[0].bn2.ema_state_index.init[1]
✅ layer2.0.downsample.1.running_mean -> layer2.layers[0].downsample.layers[1].ema_state_index.init[0]
✅ layer2.0.downsample.1.running_var -> layer2.layers[0].downsample.layers[1].ema_state_index.init[1]
✅ layer2.1.bn1.running_mean -> layer2.layers[1].bn1.ema_state_index.init[0]
✅ layer2.1.bn1.running_var -> layer2.layers[1].bn1.ema_state_index.init[1]
✅ layer2.1.bn2.running_mean -> layer2.layers[1].bn2.ema_state_index.init[0]
✅ layer2.1.bn2.running_var -> layer2.layers[1].bn2.ema_state_index.init[1]
✅ layer3.0.bn1.running_mean -> layer3.layers[0].bn1.ema_state_index.init[0]
✅ layer3.0.bn1.running_var -> layer3.layers[0].bn1.ema_state_index.init[1]
✅ layer3.0.bn2.running_mean -> layer3.layers[0].bn2.ema_state_index.init[0]
✅ layer3.0.bn2.running_var -> layer3.layers[0].bn2.ema_state_index.init[1]
✅ layer3.0.downsample.1.running_mean -> layer3.layers[0].downsample.layers[1].ema_state_index.init[0]
✅ layer3.0.downsample.1.running_var -> layer3.layers[0].downsample.layers[1].ema_state_index.init[1]
✅ layer3.1.bn1.running_mean -> layer3.layers[1].bn1.ema_state_index.init[0]
✅ layer3.1.bn1.running_var -> layer3.layers[1].bn1.ema_state_index.init[1]
✅ layer3.1.bn2.running_mean -> layer3.layers[1].bn2.ema_state_index.init[0]
✅ layer3.1.bn2.running_var -> layer3.layers[1].bn2.ema_state_index.init[1]
✅ layer4.0.bn1.running_mean -> layer4.layers[0].bn1.ema_state_index.init[0]
✅ layer4.0.bn1.running_var -> layer4.layers[0].bn1.ema_state_index.init[1]
✅ layer4.0.bn2.running_mean -> layer4.layers[0].bn2.ema_state_index.init[0]
✅ layer4.0.bn2.running_var -> layer4.layers[0].bn2.ema_state_index.init[1]
✅ layer4.0.downsample.1.running_mean -> layer4.layers[0].downsample.layers[1].ema_state_index.init[0]
✅ layer4.0.downsample.1.running_var -> layer4.layers[0].downsample.layers[1].ema_state_index.init[1]
✅ layer4.1.bn1.running_mean -> layer4.layers[1].bn1.ema_state_index.init[0]
✅ layer4.1.bn1.running_var -> layer4.layers[1].bn1.ema_state_index.init[1]
✅ layer4.1.bn2.running_mean -> layer4.layers[1].bn2.ema_state_index.init[0]
✅ layer4.1.bn2.running_var -> layer4.layers[1].bn2.ema_state_index.init[1]

=== Loading Results ===
✅ Trainable parameters loaded: 62
✅ BatchNorm statistics loaded: 40
❌ Failed loads: 0
Checkpoint loaded from /data/user_data/saksham3/double_insert_rl_checkpoints/td-n_n60_reward_typeneg_lr0.0001_seed3/checkpoint_step_20000.eqx (step: 20000)
Normalization function: <function normalize_zscore at 0x14f06917cf40>
Using regular network for value function
Pre-compiling 3 augmentation chains with vmap...
Camera 0: Compiled JIT + vmap augmentation chain
Camera 1: Compiled JIT + vmap augmentation chain
Camera 2: Compiled JIT + vmap augmentation chain
Successfully pre-compiled all 3 augmentation chains
Value function and augmentation agent initialized
Computing value function...
Computed 2502 values
Generating video frames...
Saving MP4 video to videos_neg/sim_double_insert_round6_0820_hdf5_0.mp4...
Video saved successfully to videos_neg/sim_double_insert_round6_0820_hdf5_0.mp4
Logging GIF video to wandb...
GIF video logged successfully to wandb.
Wandb run finished.
Completed visualization for sim_double_insert_round6_0820_hdf5 with VF2

===================================
All visualizations complete!
Videos logged to wandb
===================================
